date,trial_id,sample_id,start_time,mass_pre,mass_post,disc1_pre,disc2_pre,pre_combustion,ignition_delay,flame_duration,smoke_duration,flame_height,disc1_post,disc2_post,vol_burned,self_ignition,self_ig_start,max_temp,notes
5/17/23,3,DK01,12:52:00,0.493,0.0438,141.5,140.2,yes,5,26,35,8,135,,2,0,,,"forget to measure the disc2 post, I pointed the blow torch to where there was precombustion and I removed this sample  before smoke disappeared."
5/17/23,2,DK02,12:44:00,0.1105,0.0852,144.9,144,yes,4,32,10,10,150,,10,0,,,forget to measure the disc2 post
5/17/23,1,DK03,12:36:00,0.0958,0.0686,148.5,145,no,2,2,0,7,149,148.1,2,0,,149,NA
5/18/23,4,DK04,13:11:00,0.5055,0.0858,154.1,144.3,yes,8,8,346,34,228.7,219.1,90,0,,228.7,ignited during post combustion
5/18/23,6,DK05,13:46:00,0.103,0.0763,148.8,141.9,yes,2,30,68,17,154.9,156,45,0,,156,NA
5/18/23,8,DK06,14:09:00,0.0699,0.058,149.3,136.1,no,10,2,48,5,148.1,138.6,2,0,,148.1,NA
5/18/23,5,DK07,13:27:00,0.7076,0.1024,152.2,141.9,yes,23,317,300,38,271,243.1,82,0,,271,NA
5/18/23,7,DK08,13:56:00,0.1077,0.0627,155.4,142.4,yes,2,69,42,21,155.8,156.5,60,0,,156.5,NA
5/18/23,9,DK09,14:19:00,0.0572,0.0464,143.1,143.6,no,2,2,65,4,153,144.8,2,0,,153,NA
5/19/23,11,DK10,13:15:00,0.682,0.137,145.1,146.6,yes,12,267,526,37,,,85,0,,,forget to measure the post discs temp
5/19/23,13,DK11,13:56:00,0.148,0.099,147.9,148.3,yes,2,32,89,31,155.1,192.1,60,0,,155.1,NA
5/18/23,10,DK12,14:26:00,0.051,0.0351,154.2,143.6,yes,1,6,93,5,154,126.4,3,0,,154,NA
5/19/23,12,DK13,13:38:00,0.5,0.0357,142.4,145,yes,18,382,320,44,258.2,225.1,92,0,,258.2,NA
5/19/23,14,DK14,14:05:00,0.108,0.084,145.5,149.4,yes,2,49,119,25,146.8,163.2,30,0,,163.2,NA
5/19/23,15,DK15,14:12:00,0.14,0.124,142.5,145.4,no,4,12,49,3,131.1,132.1,3,0,,132.1,NA
5/20/23,18,DK16,17:26:00,0.446,0.106,148.7,147.7,yes,8,132,720,39,273,330.3,70,0,,330.3,NA
5/20/23,19,DK17,17:49:00,0.142,0.121,152.4,143.9,yes,2,17,123,17,156,157.3,40,0,,157.3,NA
5/20/23,20,DK18,18:00:00,0.252,0.214,144.8,147.9,yes,7,14,115,14,155.4,141.8,8,0,,155.4,NA
5/19/23,16,PHTR1,14:19:00,0.051,0.041,144.5,145.2,yes,3,9,70,14,143.7,145.2,5,0,,145.2,NA
5/19/23,17,PRGL21,14:25:00,0.102,0.067,144.7,152.1,yes,1,45,84,33,168.2,178.7,75,0,,178.7,NA
5/24/23,21,DK19,12:53:00,1.038,0.786,141.7,147.5,yes,27,25,600,14,189,101.9,5,0,,189,more than 600
5/24/23,22,DK20,13:11:00,0.147,0.096,139.9,148.8,yes,1,23,136,33,160,196.9,60,0,,196.6,NA
5/25/23,38,DK21,14:01:00,0.029,0.025,143.6,144.9,yes,2,2,26,4,137.4,144.1,3,0,,144.1,NA
5/24/23,23,DK22,13:21:00,0.543,0.113,150.3,145,yes,40,312,84,37,236.8,258.5,80,0,,258.5,NA
5/24/23,24,DK23,13:37:00,0.382,0.251,140.5,140.3,yes,1,31,498,48,170,201.6,55,0,,201.6,NA
5/24/23,25,DK24,13:53:00,0.063,0.042,146.7,141.8,yes,4,1,35,6,142.1,139,3,0,,142.1,NA
5/24/23,26,DK25,14:00:00,0.531,0.107,142.2,144.3,no,23,317,300,29,244.7,255.6,90,0,,255.6,NA
5/25/23,36,DK26,13:51:00,0.247,0.168,155,146.5,yes,2,30,238,29,203,207.8,55,0,,207.8,NA
5/24/23,27,DK27,14:16:00,0.229,0.201,150,142.1,no,4,2,94,5,152,135.4,8,0,,152,NA
5/24/23,28,DK28,14:26:00,0.496,0.108,145.4,142.1,yes,17,180,137,43,310.5,331.2,85,0,,331.2,NA
5/24/23,33,DK29,16:02:00,0.151,0.087,140.3,139,yes,4,36,20,25,157.4,138.8,40,0,,157.4,NA
5/24/23,29,DK30,14:39:00,0.062,0.042,146.2,143.5,no,2,9,89,18,151.3,146.5,10,0,,151.3,NA
5/24/23,30,DK31,15:26:00,0.663,0.402,146.3,135.3,yes,55,10,600,7,128.4,137.8,5,0,,137.8,more than 600
5/25/23,37,DK32,13:42:00,0.211,0.168,154.7,141.6,yes,3,32,105,24,153.6,162,20,0,,162,NA
5/24/23,31,DK33,15:41:00,0.175,0.136,152.2,151.6,no,4,2,95,5,152.6,141.7,3,0,,152.6,NA
5/24/23,32,DK34,15:49:00,0.524,0.097,144.3,143.2,yes,16,177,180,48,370.8,309.5,85,0,,370.8,NA
5/24/23,34,DK35,16:10:00,0.183,0.137,145.3,135.1,yes,2,44,48,25,165.6,194,50,0,,194,NA
5/24/23,35,DK36,16:17:00,0.112,0.106,147.3,154.4,yes,4,2,40,4,147.9,131.1,2,0,,147.9,NA
5/27/23,39,DK37,11:58:00,0.692,0.225,147.2,137.8,yes,52,7,600,14,127,188,50,0,,188,more than 600
5/27/23,43,DK38,15:12:00,0.246,0.184,138.2,150.4,yes,4,20,106,16,121,137.8,8,0,,137.8,NA
5/27/23,40,DK39,12:15:00,0.082,0.068,145.7,148.5,yes,2,4,78,7,135.8,142.1,3,0,,142.1,NA
5/28/23,49,DK40,11:42:00,0.495,0.101,146.5,141.7,yes,14,207,600,46,329.3,314,75,0,,329.3,more than 600
5/28/23,50,DK41,12:02:00,0.071,0.052,146.4,143.5,yes,1,20,600,13,150.6,153.8,10,0,,153.8,more than 600
5/27/23,41,DK42,12:22:00,0.034,0.026,141.9,143.2,no,1,1,58,5,131.8,143.9,3,0,,143.9,NA
5/27/23,44,DK43,15:21:00,0.362,0.111,146.5,141.2,no,55,210,35,35,216,218.2,60,0,,218.2,NA
5/27/23,42,DK44,12:28:00,0.197,0.139,142.1,146.1,yes,2,22,156,25,134.8,154.5,30,0,,154.5,NA
5/28/23,51,DK45,12:14:00,0.049,0.041,150.4,143.7,no,2,2,81,4,147,135.5,3,0,,147,7 seconds delay in turning on the blow torch
5/29/23,58,DK46,11:59:00,0.368,0.077,147.2,137.3,no,15,185,500,30,235.9,270.9,80,0,,270.9,NA
5/27/23,45,DK47,15:33:00,0.299,0.226,154.8,138.8,yes,10,12,548,9,144.8,129.6,10,0,,144.8,NA
5/27/23,48,DK48,16:11:00,0.126,0.101,153,148.4,no,12,2,106,12,136.5,125.2,3,0,,136.5,visible negative effect of wind speed
5/27/23,46,DK49,15:47:00,0.391,0.061,150.4,138.5,yes,25,15,600,12,127.7,124.7,90,0,,127.7,more than 600
5/27/23,47,DK50,16:03:00,0.105,0.068,148.9,141.1,yes,2,35,180,21,168.2,183.1,65,0,,183.1,NA
5/29/23,59,DK51,12:16:00,0.087,0.071,147.7,134.5,yes,4,6,285,5,157,131.4,3,0,,157,NA
5/29/23,61,DK52,12:33:00,0.395,0.066,154.1,137.5,yes,6,248,600,32,246.7,252.9,80,0,,252.9,more than 600
5/29/23,62,DK53,12:52:00,0.123,0.089,153.7,134.6,yes,1,36,373,21,174.6,172.1,35,0,,174.6,NA
5/29/23,60,DK54,12:25:00,0.122,0.108,151.6,145.1,yes,1,5,70,9,146.6,128.8,4,0,,146.6,NA
5/28/23,54,JDK01,13:24:00,0.665,0.505,148,135.3,yes,35,25,273,10,134,116.8,3,0,,134,measure later post disc
5/28/23,55,JDK02,13:41:00,0.468,0.332,151.3,142.5,yes,43,7,600,4,134,116.4,4,0,,134,more than 600
5/28/23,56,JDK03,13:57:00,0.661,0.381,152.2,135.9,yes,28,200,600,21,148.3,226.2,25,0,,226.2,more than 600
5/28/23,57,JDK04,14:16:00,0.307,0.091,153,134.9,no,14,356,350,25,195,197,15,0,,197,NA
5/28/23,52,JDK05,12:44:00,0.77,0.186,142.9,141.2,yes,0,384,600,27,203.4,219,85,1,118,203.4,more than 600
5/28/23,53,JDK06,13:08:00,0.483,0.371,139.8,142.3,yes,26,8,600,9,197,128.4,5,0,,197,more than 600
5/29/23,63,JDK07,13:37:00,0.456,0.324,147.1,141.2,yes,10,30,600,13,137.3,128.3,3,0,,137.3,more than 600
5/29/23,64,JDK08,13:51:00,0.595,0.42,144.3,144.8,yes,12,13,600,10,150.5,127.7,5,0,,150.5,more than 600
5/29/23,65,JDK09,14:05:00,0.705,0.432,149.8,144.2,yes,30,65,600,28,151.9,172.9,10,0,,172.9,more than 600
5/29/23,66,JDK10,14:22:00,1.119,0.213,152.3,147.7,yes,0,405,600,32,298.4,224.5,80,1,115,298.4,more than 600
6/8/23,67,DK55,14:18:00,0.709,0.173,147,146.7,yes,22,320,600,31,234.5,238.3,85,0,,238.3,more than 600
6/8/23,68,DK56,14:38:00,0.096,0.093,142.3,141.9,yes,2,12,31,10,135.6,131.8,5,0,,135.6,NA
6/8/23,69,DK57,14:45:00,0.102,0.09,143.2,148.7,no,1,5,25,7,138.5,141.9,3,0,,141.9,NA
6/8/23,70,DK58,14:51:00,0.666,0.12,133.6,144.6,yes,0,319,600,47,275.3,300,85,1,100,300,more than 600
6/9/23,80,DK59,14:17:00,0.13,0.115,141.4,148.5,yes,1,40,215,24,173.5,173.2,40,0,,173.5,NA
6/8/23,71,DK60,15:09:00,0.069,0.053,145.6,147.3,no,10,2,18,9,151.5,135.4,3,0,,151.5,NA
6/8/23,72,DK61,15:16:00,0.644,0.08,146.5,144.3,yes,57,234,600,38,267,280,90,0,,280,more than 600
6/8/23,73,DK62,15:44:00,0.144,0.12,146.9,145.8,no,1,9,40,13,149.2,137.9,7,0,,149.2,NA
6/9/23,81,DK63,14:25:00,0.049,0.033,144.9,154.6,no,3,8,147,12,147.4,153.4,5,0,,153.4,NA
6/9/23,91,DK64,17:25:00,0.267,0.068,152.9,145.4,yes,15,215,70,31,255.5,218.8,90,0,,255.5,NA
6/8/23,74,DK65,15:48:00,0.082,0.057,144.4,143.2,yes,1,17,42,18,149.2,150,30,0,,150,NA
6/8/23,77,DK66,16:40:00,0.073,0.054,150,152.4,no,3,5,137,12,149.9,143,7,0,,149.9,NA
6/8/23,78,DK67,16:46:00,0.504,0.315,150.1,139.6,yes,37,10,600,11,144.8,120.8,3,0,,144.8,more than 600
6/8/23,79,DK68,17:02:00,0.098,0.081,141.5,150.5,yes,2,30,98,18,161.9,165.4,20,0,,165.4,NA
6/9/23,82,DK69,14:34:00,0.046,0.028,148.7,151,no,7,11,129,11,147.5,143.6,4,0,,147.5,NA
6/9/23,92,DK70,17:35:00,0.28,0.115,147,150.1,yes,18,127,600,28,172,206.3,35,0,,206.3,more than 600
6/9/23,93,DK71,17:51:00,0.062,0.054,143.9,143.8,yes,1,24,120,16,160.8,150.8,15,0,,160.8,NA
6/9/23,94,DK72,17:58:00,0.079,0.065,147.5,141.6,no,2,26,117,12,162.5,150.9,,0,,162.5,NA
6/8/23,75,JDK11,16:09:00,0.535,0.263,142.6,141.7,yes,63,269,373,23,183.4,245.4,75,0,,245.4,NA
6/8/23,76,JDK12,16:25:00,0.392,0.282,147.4,143.9,yes,19,19,600,10,134.9,109.9,5,0,,134.9,more than 600
6/9/23,86,JDK13,15:38:00,0.525,0.099,156.3,144.2,yes,38,261,340,37,390.3,284.3,85,0,,390.3,NA
6/9/23,83,JDK14,14:39:00,0.47,0.37,150.5,146,yes,39,11,240,8,128.4,117.7,3,0,,128.4,NA
6/9/23,84,JDK15,14:48:00,0.485,0.368,142.3,147.9,no,71,56,73,17,127.5,155.5,5,0,,155.5,NA
6/9/23,85,JDK16,14:59:00,0.476,0.064,155.7,138.6,no,41,279,600,24,265.3,255.1,85,0,,265.3,more than 600
6/9/23,87,JDK17,15:18:00,0.686,0.08,151.9,147.1,yes,47,356,600,30,224,292.7,90,0,,292.7,more than 600
6/9/23,88,JDK18,16:37:00,0.291,0.103,153.6,146.8,no,25,119,600,23,238.9,277.7,40,0,,277.7,more than 600
6/9/23,89,JDK19,16:56:00,0.252,0.16,153.2,144.4,yes,0,60,600,6,147,126.6,6,1,80,147,more than 600
6/9/23,90,JDK20,17:11:00,0.624,0.448,153,143.9,yes,20,30,600,6,125.8,116.5,5,0,,125.8,more than 600
6/14/23,95,DK73,15:27:00,0.323,0.164,143.2,147.4,yes,33,114,191,25,138.2,212.3,30,0,,212.3,NA
6/14/23,96,DK74,15:37:00,0.153,0.125,147.3,143.5,yes,3,29,225,7,143.8,158.7,6,0,,158.7,NA
6/14/23,97,DK75,15:46:00,0.133,0.105,152.2,145.5,no,5,3,222,5,144.6,138.2,3,0,,144.6,NA
6/14/23,98,DK76,15:54:00,0.477,0.096,151.6,138.2,yes,17,314,237,30,220.8,211.2,55,0,,220.8,NA
6/14/23,99,DK77,16:08:00,0.099,0.065,143.6,151.5,yes,2,43,71,22,151.7,164.6,30,0,,164.6,NA
6/14/23,100,DK78,16:15:00,0.099,0.079,146,140.8,no,3,6,32,5,155,132.5,4,0,,155,NA
6/15/23,104,DK79,13:31:00,0.529,0.069,148,142.3,yes,73,196,141,28,297.3,300.1,85,0,,300.1,NA
6/15/23,105,DK80,13:43:00,0.085,0.07,153.2,139.6,yes,2,12,46,18,154.1,128.5,7,0,,154.1,NA
6/15/23,106,DK81,13:48:00,0.092,0.059,156.9,142.5,yes,3,2,75,5.5,144,131.1,2,0,,144,NA
6/14/23,101,DK82,16:20:00,0.266,0.045,139.3,150.3,yes,0,198,600,28,224.4,262.2,75,1,100,262.2,more than 600
6/14/23,102,DK83,16:37:00,0.118,0.058,144.4,147.6,yes,4,48,198,23,166.2,162.6,20,0,,166.6,NA
6/14/23,103,DK84,16:45:00,0.103,0.081,143.5,146.3,no,3,3,98,4,153.4,145.8,3,0,,153.4,NA
6/15/23,107,DK86,13:56:00,0.11,0.085,149.3,144.4,yes,3,31,46,29,146,152.9,15,0,,152.9,NA
6/16/23,117,DK87,16:28:00,0.057,0.034,136.6,144.8,yes,2,29,180,18,163.5,156.1,25,0,,163.5,NA
6/16/23,116,DK88,16:10:00,0.361,0.071,149.4,135,no,32,198,600,38,283.8,266,75,0,,283.8,more than 600
6/16/23,118,DK89,16:36:00,0.069,0.049,136.1,141.6,yes,2,19,109,19,162.5,153.9,15,0,,162.5,NA
6/15/23,108,DK90,14:04:00,0.069,0.043,144.2,144.6,yes,2,4,134,7,147.7,142.6,6,0,,147.7,NA
6/15/23,109,JDK21,14:11:00,0.66,0.09,149.1,138.5,yes,29,421,600,31,222.6,200.3,90,0,,222.6,more than 600
6/15/23,110,JDK22,14:32:00,0.593,0.104,143.8,147.8,yes,16,224,600,36,270,271.9,90,0,,271.9,more than 600
6/15/23,111,JDK23,14:50:00,0.276,0.056,145.3,148.2,no,23,139,600,28,242,296.2,80,0,,296.2,more than 600
6/15/23,112,JDK24,15:06:00,0.53,0.486,142.8,135,yes,32,8,202,9.5,135.2,143.5,3,0,,143.5,NA
6/15/23,113,JDK25,15:08:00,0.819,0.752,131.9,141.7,yes,73,8,600,3.5,144.8,131.8,5,0,,144.8,more than 600
6/16/23,121,JDK26,18:42:00,0.426,0.272,143.9,142,yes,17,21,600,9,120.6,139.9,45,0,,139.9,more than 600
6/15/23,114,JDK27,15:15:00,0.526,0.096,147.2,148.8,yes,10,227,483,37,250.1,284.3,80,0,,284.3,NA
6/16/23,115,JDK28,15:53:00,0.28,0.059,139.1,143.8,yes,7,210,600,38,232.3,211.9,75,0,,232.3,more than 600
6/16/23,119,JDK29,16:44:00,0.459,0.042,139.2,145.9,yes,14,172,600,39,332.4,333.7,90,0,,333.7,more than 600
6/16/23,120,JDK30,17:02:00,0.341,0.074,138.4,143.1,yes,13,141,600,35,338.7,276.9,80,0,,338.7,more than 600
6/17/23,129,DK91,13:01:00,0.611,0.433,144.1,143.8,yes,41,20,569,7,138,119.1,5,0,,138,NA
6/16/23,124,DK92,17:34:00,0.124,0.059,144,138.1,yes,2,34,104,36,188,215.5,60,0,,215.5,NA
6/16/23,122,DK93,17:20:00,0.045,0.017,141.6,138.2,yes,1,28,121,14,180.8,165.2,30,0,,180.8,NA
6/17/23,142,DK94,16:54:00,0.324,0.092,142.2,141.1,yes,26,354,600,25,211.3,269.1,80,0,,269.1,NA
6/17/23,130,DK95,13:17:00,0.116,0.113,148.4,136.5,yes,4,114,62,31,157.1,141.7,55,0,,157.1,NA
6/16/23,127,DK97,18:09:00,0.52,0.392,145.5,138.6,yes,10,28,600,5,122.4,148.7,3,0,,148.7,more than 600
6/16/23,123,DK98,17:27:00,0.113,0.053,140,140.8,yes,2,50,136,24,149,206.6,40,0,,206.6,NA
6/17/23,143,DK99,17:18:00,0.149,0.117,147.5,141.9,no,28,12,96,12,141.1,128.2,5,0,,141.1,NA
6/17/23,131,DK100,13:25:00,0.341,0.053,146.7,141.7,yes,12,251,600,33,235.6,223.5,85,0,,235.6,more than 600
6/17/23,140,DK101,15:48:00,0.108,0.066,142.2,141.3,yes,2,50,298,21,154.7,145.7,25,0,,154.7,NA
6/17/23,141,DK102,16:48:00,0.031,0.022,146.3,140,no,1,4,110,9,148.1,148.7,3,0,,148.7,NA
6/17/23,132,DK103,13:43:00,0.619,0.147,140.1,144.4,yes,18,192,600,37,314.3,306.8,65,0,,314.3,more than 600
6/16/23,125,DK104,17:42:00,0.127,0.091,142.3,140.5,yes,15,15,12,10,140.5,164.9,5,0,,164.9,NA
6/17/23,144,DK105,17:26:00,0.074,0.057,142.4,142.9,yes,6,2,82,7,130.5,150.3,3,0,,150.3,NA
6/17/23,133,DK106,14:00:00,0.382,0.051,145,141.6,no,11,177,600,36,294.2,308.3,80,0,,308.3,more than 600
6/17/23,134,DK107,14:16:00,0.081,0.048,150.6,139.3,yes,1,29,180,23,169.4,163.1,45,0,,169.4,NA
6/17/23,135,DK108,14:35:00,0.046,0.028,150,149.9,yes,2,15,280,19,146.3,146.7,10,0,,146.7,NA
6/17/23,136,JDK31,14:43:00,1.023,0.092,150.7,137.5,yes,21,338,379,33,275.8,266.2,90,0,,275.8,NA
6/17/23,137,JDK32,15:00:00,0.398,0.058,149.9,138.2,yes,22,208,600,27,329.3,295.7,90,0,,329.2,more than 600
6/16/23,126,JDK33,17:49:00,0.342,0.069,141.3,148.9,yes,23,339,600,25,242.1,231.9,80,0,,242.1,more than 600
6/16/23,128,JDK34,18:23:00,0.534,0.049,139.6,141.7,yes,26,8,600,7,123.3,122.4,90,0,,123.3,more than 600
6/17/23,145,JDK35,17:31:00,0.321,0.127,141.2,143.5,no,49,2,181,27,161.3,200.1,55,0,,200.1,NA
6/17/23,146,JDK36,17:44:00,0.355,0.079,144.3,141.2,yes,21,152,600,39,202.2,247.3,75,0,,247.3,more than 600
6/17/23,147,JDK37,18:03:00,0.307,0.12,147.2,143.9,no,42,55,556,21,152.6,190.9,45,0,,190.9,NA
6/17/23,148,JDK38,18:23:00,0.517,0.096,143.6,143.2,yes,25,279,600,27,274.4,274.9,80,0,,274.9,more than 600
6/17/23,138,JDK39,15:17:00,0.375,0.067,145.9,140,yes,27,239,316,34,279.2,257.7,75,0,,279.2,NA
6/17/23,139,JDK40,15:31:00,0.365,0.037,141,142.8,yes,35,209,578,31,314.7,285.6,90,0,,314.7,NA
5/04/24,1,FT01,10:11:00,320.5,80.5,136.8,140.4,yes,15,206,,32,180.1,271.4,85,0,,357.3,NA
5/04/24,6,FT02,10:52:00,296.7,47.3,139.9,144.7,yes,21,335,,27,179.6,212.6,95,0,,315.7,female
5/04/24,23,FT03,14:32:00,450.1,70.9,140,139.4,yes,12,370,,38,213.4,182.8,83,0,,338.9,NA
5/04/24,15,FT04,13:23:00,539.9,100.7,144.2,149,yes,30,282,,35,207,277.1,80,0,,461.8,female
5/04/24,18,FT05,13:48:00,320.1,110.3,134.3,144.1,yes,9,164,,33,196.5,296.3,50,0,,378.4,NA
5/04/24,21,FT06,14:11:00,300.4,80.8,140.4,139.2,yes,6,310,,33,176.6,196.5,75,0,,560.2,NA
5/04/24,22,FT07,14:24:00,,,,,,,,,,,,,0,,,NA
5/04/24,7,FT08,11:04:00,50.5,39.5,148.4,148.7,yes,1,3,,9,131.6,142.8,3,0,,142.8,NA
5/04/24,2,FT09,10:23:00,100.8,70.3,139,146.1,no,1,12,,14,128.32,123,22,0,,133.8,NA
5/04/24,32,FT10,17:12:00,43.5,28.2,143,131.8,yes,2,7,,8,137.5,126.8,5,0,,138,NA
5/04/24,17,FT11,13:41:00,30.5,20.9,136,145.6,yes,1,8,,9.5,126.8,131.2,4,0,,138.8,NA
5/04/24,14,FT12,11:42:00,51.5,38.4,143.3,140,yes,1,10,,24,139.9,141.6,7,0,,142.9,NA
5/04/24,27,FT13,16:41:00,30.6,20.5,145.5,143.9,yes,2,6,,21,143.9,137.1,6,0,,137.1,NA
5/04/24,34,FT14,17:23:00,38.6,32.9,147.1,129.9,yes,1,11,,14,149,128.7,5,0,,150,NA
5/04/24,16,FT15,13:35:00,50.9,30.9,138.3,140,yes,1,14,,45,138.4,148.1,52,0,,230.8,NA
5/04/24,8,FT16,11:09:00,62.3,53.8,133,140.4,yes,1,20,,33.5,140,126.2,17,0,,130.2,NA
5/04/24,3,FT17,10:31:00,59.6,35.9,145.1,134.6,yes,1,10,,3.1,147.8,162.9,16,0,,160.2,NA
5/04/24,12,FT18,11:32:00,83.4,49.8,135.5,131.6,yes,1,43,,32,135,152,60,0,,170.3,NA
5/04/24,20,FT19,14:05:00,70.8,60.9,135.8,136.9,yes,1,16,,22,136.9,140.6,5,0,,142,NA
5/04/24,28,FT20,16:47:00,70.5,60.7,142.1,137.7,yes,1,18,,33,140,144,30,0,,149.9,NA
5/04/24,35,FT21,17:29:00,59.9,38.3,145.9,133.8,yes,1,17,,27,142.9,137.6,40,0,,148.1,NA
5/04/24,4,FT22,10:41:00,38.6,30.7,143.6,137.8,yes,3,3,,5,137.8,131.9,2,0,,149,NA
5/04/24,9,FT23,11:15:00,40.8,28.3,137.5,141.3,yes,2,2,,6,126.8,130.7,2,0,,130.7,NA
5/04/24,25,FT24,16:25:00,40.6,30.5,147.7,135,yes,1,10,,14,140.7,147,4,0,,149,NA
5/04/24,19,FT25,14:00:00,30.4,20.5,137.2,139.3,yes,3,9,,8,135.9,138.8,2,0,,141.4,NA
5/04/24,11,FT26,11:25:00,74.5,64.9,144.8,139.7,yes,1,4,,7,127.1,122.4,1,0,,129.5,NA
5/04/24,24,FT27,14:47:00,40.9,65.1,137.5,142.6,yes,1,14,,20.5,128.9,155.5,6,0,,155.5,NA
5/04/24,31,FT28,17:05:00,50.1,66.4,148.4,137,yes,1,17,,12,141.7,137,15,0,,141.7,NA
5/04/24,26,FT29,16:32:00,80.5,67.6,149.1,137.3,yes,1,5,,10,142,138.5,1,0,,142,NA
5/04/24,10,FT30,11:20:00,81.9,68.8,139,137.1,no,1,9,,11,134.5,133.6,6,0,,134.3,NA
5/04/24,5,FT31,10:47:00,82.9,69.3,137.3,138.2,yes,1,16,,13.5,131.8,153.4,5,0,,153.4,NA
5/04/24,29,FT32,16:52:00,83.6,70.7,142.2,149.8,yes,1,9,,21,140.9,136.7,1,0,,153.1,NA
5/04/24,13,FT33,11:37:00,84.4,71.8,139.4,141.7,yes,1,5,,7,141.7,138,2,0,,190,NA
5/04/24,30,FT34,16:59:00,85.8,72.4,144.2,141.6,yes,1,9,,12.5,150.6,130.3,3,0,,150.6,NA
5/04/24,33,FT35,17:17:00,86.9,73.4,142.7,139.9,yes,1,25,,11,137.7,127.6,8,0,,138,NA
05/13/24,36,ST01,11:04:00,114.5,87.2,141.2,138.3,yes,2,31,,27,139.2,148.2,22,0,,174,NA
05/13/24,42,ST02,15:29:00,144.5,97.2,139.4,136.4,yes,3,18,,27,154,182.2,35,0,,235,NA
05/13/24,48,ST03,18:52:00,98.1,74.6,136.3,134.4,yes,2,16,,23,112.2,122.8,15,0,,170,NA
05/14/24,67,ST04,23:21:00,118.8,63.1,133.9,133.3,no,3,50,,19,162.7,152.5,65,0,,208.2,NA
05/14/24,68,ST05,23:28:00,138.3,102.3,137.9,135.2,no,4,95,,14,126.6,130.8,35,0,,159,NA
05/14/24,69,ST06,23:35:00,117,100.9,137.9,130.9,no,2,16,,11,131.5,142.1,8,0,,220,NA
05/14/24,70,ST07,23:40:00,130.7,121.4,134.2,132.3,no,4,13,,10,126.7,131.9,10,0,,177,NA
05/13/24,37,ST08,11:11:00,353.2,283.9,142.6,140,yes,19,24,,25,126,113.2,5,0,,126,NA
05/13/24,43,ST09,15:38:00,282.8,141.6,131.3,140.1,yes,28,282,,25,160.9,156.9,60,0,,235,NA
05/13/24,49,ST10,19:13:00,168.7,145.6,138.1,133.3,yes,24,10,,7,120.9,133.2,3,0,,135,NA
05/14/24,55,ST11,17:35:00,281.3,123.5,131.3,132.4,no,8,157,,32,202,272.1,80,0,,389.1,NA
05/14/24,56,ST12,17:44:00,128,114.8,133.4,134.6,no,7,85,,25,145.1,146.9,30,0,,224.7,NA
05/14/24,57,ST13,17:51:00,203.8,120.2,130.3,134.1,no,5,132,,23,136.6,191.5,70,0,,253.6,NA
05/14/24,58,ST14,18:24:00,189.6,72.4,132.1,136.2,yes,3,83,,28,244.4,245.1,90,0,,379,NA
05/13/24,38,ST15,11:20:00,85.2,73.9,139.8,132,no,1,5,,19,135.4,114.8,2,0,,135.4,NA
05/13/24,44,ST16,15:55:00,52.5,36.3,131.4,132.5,no,1,16,,24,135.4,154.6,40,0,,164,NA
05/13/24,50,ST17,19:19:00,162.4,49.9,139.7,142.4,yes,2,27,,16,136.5,129,10,0,,156,NA
05/14/24,71,ST18,23:45:00,99.3,85.4,132.6,131.7,no,3,7,,7,122.2,97,3,0,,96,NA
05/14/24,72,ST19,23:53:00,88.2,47.6,131.6,132,no,1,9,,11,140.7,126.9,8,0,,140.7,NA
05/14/24,73,ST20,23:58:00,26.3,20.4,134.2,133.1,no,3,7,,8,130.2,128.7,9,0,,130.2,NA
,,ST21,,,,,,,,,,,,,,0,,,NA
05/13/24,39,ST22,11:26:00,22.1,15.6,137,135.1,yes,1,7,,20,142.7,135.9,15,0,,145,NA
05/13/24,45,ST23,16:01:00,40.7,28.5,130.7,141.6,yes,1,25,,19,137.6,147.2,20,0,,151.9,NA
05/13/24,51,ST24,19:24:00,54.2,46.6,135.7,132.4,yes,1,15,,17,134,135.3,8,0,,155,NA
05/15/24,74,ST25,00:03:00,76.1,63.1,133.7,130.6,no,3,9,,7,124.6,120.1,4,0,,124.6,NA
05/13/24,54,ST26,19:59:00,20.9,18.8,129.5,132.6,no,1,5,,6,122.5,123.4,4,0,,124.2,NA
05/15/24,75,ST27,00:08:00,45.7,38,135.4,129,no,2,10,,8,133.2,120.8,8,0,,133.2,NA
,,ST28,,,,,,,,,,,,,,0,,,NA
05/13/24,40,ST29,11:32:00,417.4,166.8,137.6,134.2,yes,75,165,,33,122,197,60,0,,217,NA
05/13/24,46,ST30,16:07:00,343,60.8,132.9,133.5,yes,36,225,,30,227.7,275.1,90,0,,308,NA
05/13/24,52,ST31,19:30:00,430.4,140.8,140.7,138.6,no,45,275,,25,182.6,229.7,80,0,,313.7,NA
05/14/24,59,ST32,18:35:00,275.3,19.5,136.5,134.3,no,20,303,,22,286.6,244.9,90,0,,355.1,NA
05/14/24,60,ST33,18:48:00,261.2,67.3,136.8,137,no,8,242,,22,178.1,193.1,90,0,,254.6,NA
05/14/24,61,ST34,18:59:00,275.5,184.7,131.8,134.9,no,12,138,,15,146.3,183.9,30,0,,176.3,NA
05/14/24,62,ST35,19:10:00,497.4,79.3,132.5,135.9,no,34,502,,29,284.8,205.1,95,0,,454,NA
05/13/24,41,ST36,11:46:00,583.3,441.8,135.1,132.9,yes,77,83,,38,108.5,186.3,10,0,,186.3,NA
05/13/24,47,ST37,16:20:00,308.3,82.7,127.8,132.5,yes,34,306,,28,205,226.7,90,0,,350,NA
05/13/24,53,ST38,19:47:00,308.2,95.8,138.8,133.6,no,29,236,,18,159.8,249.9,75,0,,313.6,NA
05/14/24,63,ST39,19:25:00,334.2,100.4,131.3,132.2,no,45,289,,12,216,181.3,85,0,,364,NA
05/14/24,64,ST40,19:40:00,397.3,38.7,130.2,133,no,35,355,,26,220,174.8,95,0,,381.4,NA
05/14/24,65,ST41,19:58:00,152.9,32,138.4,133,no,6,209,,29,224.5,235.8,80,0,,301,NA
05/14/24,66,ST42,20:07:00,216.8,41.6,129.9,132.1,yes,6,190,,28,252.1,211.6,85,0,,329.3,NA
5/28/24,76,TD14,18:33:00,195.3,169,130.7,131.8,yes,7,6,,9,100.3,122.6,3,0,,122.6,NA
5/28/24,77,TD08,18:39:00,128.5,116.9,130.4,131.6,no,2,11,,7,113.7,118.4,3,0,,118.4,NA
5/28/24,78,TD13,18:46:00,71,63.1,130.6,125.7,no,1,6,,7,106.7,112.5,4,0,,112.5,NA
5/28/24,79,TD03,18:59:00,38.4,27.3,133.4,128.8,yes,2,19,,13,144,137,18,0,,137,NA
5/28/24,80,TD11,19:08:00,97.7,74.5,129.8,131.6,no,2,51,,15,123,133.4,22,0,,154,NA
5/28/24,81,TD10,19:14:00,44.7,41.8,126.4,124,no,1,9,,6,121.7,120,8,0,,121.7,NA
5/28/24,82,TD20,19:19:00,340.8,300.2,134.8,131.8,no,20,14,,8,120.3,119.3,5,0,,120.3,NA
5/28/24,83,TD16,19:25:00,195.5,156.8,132.1,133.8,no,51,2,,5,112,115.1,4,0,,115,NA
5/29/24,84,TD07,18:41:00,83.4,72.3,127.8,129.8,no,1,7,,5,120,116.7,2,0,,120,NA
5/29/24,85,TD12,18:48:00,104.3,90.5,132.1,130.4,no,1,11,,7,120.3,124,5,0,,126.3,NA
5/29/24,86,TD09,18:55:00,131.4,115.6,133.7,134.5,no,6,3,,5,108.3,116.6,4,0,,120,NA
5/29/24,87,TD04,19:03:00,48.3,40.7,129.3,133,no,4,11,,4,133.1,136.1,5,0,,139.5,NA
5/29/24,88,TD01,19:09:00,60.5,46.6,126.1,132.9,no,5,24,,9,128.2,133,6,0,,133,NA
5/29/24,89,TD05,19:17:00,109.1,92.6,131.5,130.5,no,10,5,,6,123.6,121.9,3,0,,123.6,NA
5/29/24,90,TD02,19:24:00,91.6,50.5,132.6,137.3,no,3,74,,20,139.8,162.3,60,0,,163.3,NA
5/29/24,91,TD17,19:34:00,94.6,75.3,131.3,134.1,no,14,7,,6,115.6,117.3,4,0,,117.3,NA
5/29/24,92,TD21,19:43:00,224.7,181.7,129.8,131.7,no,29,8,,7,118.6,114,5,0,,118.6,NA
5/29/24,93,TD18,19:50:00,163.2,141.5,129.1,132.7,no,14,6,,7,137.9,127.5,4,0,,137.3,NA
5/29/24,94,TD15,20:01:00,238.7,205.8,129.8,133.6,no,19,9,,6,106,101.7,3,0,,106,NA
5/29/24,95,TD19,20:10:00,180.5,119.5,126.5,136.2,no,46,34,,13,126.4,150.8,30,0,,160.1,NA
06/06/24,96,FRT18,19:42:00,134,113.9,130.3,127.9,no,3,37,,11,130.3,124,20,0,,130.3,NA
06/06/24,97,FRT16,19:51:00,91.5,71.1,134.7,128.8,no,5,21,,9,128.8,124,10,0,,124,NA
06/06/24,98,FRT09,20:02:00,43.1,29.1,137.2,128,no,4,3,,6,128,128.4,4,0,,128.4,NA
06/06/24,99,FRT08,20:09:00,36.9,24.8,137,128.2,no,6,2,,4,128.2,131.2,2,0,,131.2,NA
06/06/24,100,FRT02,20:17:00,61.3,50.8,132.9,126.9,no,5,2,,3,133.1,115.2,2,0,,133.1,NA
06/06/24,101,FRT01,20:25:00,88.2,75.4,132.4,127.7,no,1,7,,4,127.4,114,4,0,,127.4,NA
06/06/24,102,FRT29,20:34:00,450.2,361.8,133.7,127,no,76,37,,7,123,112.3,11,0,,123,NA
06/06/24,103,FRT30,20:45:00,637,516.9,134.4,127.8,no,120,61,,12,123.5,87.8,13,0,,123.5,NA
06/06/24,104,FRT22,20:55:00,355.8,241.6,134.5,128.3,no,86,23,,9,145.8,120,10,0,,145.8,NA
06/06/24,105,FRT23,21:07:00,473.2,87.8,131.9,126.2,no,59,361,,29,194.5,179.5,90,0,,403.3,NA
06/07/24,106,FRT19,17:12:00,132.2,70.2,145.8,144.3,yes,1,31,,22,187.9,185.8,70,0,,196.6,NA
06/07/24,107,FRT15,17:19:00,71.9,47.2,146.9,148.5,yes,1,21,,23,169.4,189.9,75,0,,265.6,NA
06/07/24,108,FRT13,17:28:00,41.1,22.6,143.3,142.9,yes,1,14,,22,145.2,159.3,50,0,,165.5,NA
06/07/24,109,FRT10,17:36:00,77.8,29.9,145,148.8,yes,1,50,,24,163.3,162.5,70,0,,175.5,NA
06/07/24,110,FRT06,17:45:00,52.3,40.8,148.1,142.1,yes,1,26,,11,149.6,147.7,18,0,,140.8,NA
06/07/24,111,FRT04,17:53:00,68.4,56.4,151.2,143,yes,1,10,,8,144.5,140.1,8,0,,144.5,NA
06/07/24,112,FRT27,18:04:00,380.1,107,148,146.8,no,24,178,,25,229.5,252,80,0,,327,NA
06/07/24,113,FRT34,18:23:00,458.1,334.5,141.9,139.7,no,63,50,,17,115.8,125.8,15,0,,125.8,NA
06/07/24,114,FRT26,18:33:00,491.9,131.6,142,138.6,yes,20,445,,27,329.6,329.9,90,0,,397.3,NA
06/07/24,115,FRT33,18:54:00,533.1,120.2,138.3,141.9,yes,65,265,,25,235.2,263.8,90,0,,297.8,NA
06/08/24,116,FRT11,22:19:00,109.3,83.8,146.4,148.1,NA,6,3,,8,133.8,121.7,2,0,,133.8,NA
06/08/24,117,FRT28,22:26:00,408.6,338.3,150,140,NA,56,10,,17,135.8,118.2,5,0,,135.8,NA
06/08/24,118,FRT24,22:34:00,390.6,325.6,146.1,139.6,NA,35,115,,14,128.4,113.5,8,0,,128.4,NA
06/08/24,119,FRT25,22:42:00,514.1,431,144.5,140.4,NA,48,5,,11,131.3,121.3,7,0,,131.3,NA
06/08/24,120,FRT32,22:50:00,471.1,335.1,147.1,145.6,NA,19,211,,23,124,162.2,30,0,,162.2,NA
06/08/24,121,FRT31,23:02:00,695.1,552.4,142.8,145.8,NA,154,15,,9,104.1,126.6,5,0,,126.6,NA
06/08/24,122,FRT35,23:08:00,421.1,267.8,140.3,141.9,NA,42,111,,25,156.1,232.6,40,0,,232.6,NA
06/08/24,123,FRT05,23:18:00,45.1,34.9,141.9,143.1,NA,2,30,,12,143.1,127.8,12,0,,130.5,NA
06/08/24,124,FRT03,23:25:00,62,54.9,138.5,137.8,NA,2,2,,12,135.2,132.4,2,0,,135.2,NA
06/08/24,125,FRT12,23:30:00,114.1,91.6,144.5,143.1,NA,4,4,,10,144.3,121.7,4,0,,144.3,NA
06/08/24,126,FRT14,23:35:00,36.4,18.1,149.5,144.6,NA,2,18,,16,158.1,157.2,80,0,,158.1,NA
06/18/24,127,FFT19,18:57:00,269.2,168.2,139.9,146.5,yes,1,29,,40,191.2,221.2,90,0,,430,NA
06/18/24,128,FFT16,19:05:00,171.3,114.6,143.9,147.5,yes,2,68,,25,138.6,160.5,70,0,,164.7,NA
06/18/24,129,FFT18,19:13:00,116.7,79,143.8,146.5,yes,2,28,,18,137.2,172.3,50,0,,253.7,NA
06/18/24,130,FFT08,19:20:00,183.4,167.3,145.5,143.3,yes,1,4,,4,137.7,133.3,2,0,,163.3,NA
06/18/24,131,FFT12,19:28:00,158.3,128.9,136.6,146.2,yes,1,15,,16,135.9,141.6,15,0,,135.7,NA
06/18/24,132,FFT14,19:35:00,558.6,524.6,142.2,152.6,yes,4,12,,10,103.3,105.4,5,0,,105.4,NA
06/18/24,133,FFT36,19:42:00,150.5,127.2,145.6,134.8,yes,2,5,,10,117.3,135.3,5,0,,135.3,NA
06/18/24,134,FFT35,19:49:00,83.7,59.8,145.4,142.2,yes,2,2,,6,127.1,131.7,3,0,,131.7,NA
06/18/24,135,FFT28,19:55:00,718.7,573.6,152.4,156.9,yes,63,55,,17,121.2,134.5,15,0,,134.5,NA
06/18/24,136,FFT07,20:03:00,671.8,540.7,140.5,152.2,no,67,64,,16,94.3,156.9,15,0,,156.9,NA
06/19/24,137,FFT22,18:05:00,291.2,221.6,139.3,138.5,yes,5,39,,18,160.1,131.1,35,0,,174.9,NA
06/19/24,138,FFT20,18:13:00,323.3,202.1,151.2,144.9,yes,11,49,,26,197.8,212.8,65,0,,285.9,NA
06/19/24,139,FFT21,18:20:00,198.7,163.4,142.5,140.7,no,17,16,,15,123,121.5,12,0,,123,NA
06/19/24,140,FFT211,18:27:00,109.2,67.6,142.8,135,yes,5,38,,17,129.5,126.7,15,0,,126.7,NA
06/19/24,141,FFT13,18:36:00,302,272.9,141.8,144.5,no,5,3,,7,113.7,134.6,2,0,,134.6,NA
06/19/24,142,FFT10,18:42:00,230.5,213.1,139.6,141.4,yes,2,5,,8,113.1,109.8,3,0,,113.1,NA
06/19/24,143,FFT11,18:48:00,185.2,170.8,140.2,134.9,no,3,4,,9,124.1,105.1,2,0,,124.1,NA
06/19/24,144,FFT30,18:56:00,51.6,29.4,142.2,139.1,yes,1,20,,18,146.3,151.6,40,0,,173.8,NA
06/19/24,145,FFT05,19:00:00,712.1,77.3,144.4,148.3,no,40,404,,26,246.5,234.9,95,0,,409,NA
06/19/24,146,FFT02,19:15:00,551.2,171.4,138,137.4,no,43,370,,24,209.5,249.7,70,0,,261.8,NA
06/19/24,147,FFT26,19:30:00,676,257.7,141.7,131.4,yes,55,315,,32,228.2,222.9,90,0,,259.4,NA
06/19/24,148,FFT29,19:44:00,655.7,564.7,146.4,148.3,yes,72,21,,18,107.5,104.8,6,0,,107.5,NA
6/20/24,149,FFT33,19:05:00,110.8,91.7,142.6,138.7,yes,2,3,,6,142.7,139.6,2,0,,142.7,NA
6/20/24,150,FFT32,19:10:00,57.1,43.5,149.2,151.2,no,2,5,,6,141.4,134.1,2,0,,141.4,NA
6/20/24,151,FFT31,19:15:00,69.5,60.2,140.8,140,no,1,2,,6,132.6,129.1,3,0,,132.6,NA
6/20/24,152,FFT09,19:19:00,269.4,249.1,135.9,135,yes,1,17,,14,120.5,130.9,7,0,,130.9,NA
6/20/24,153,FFT34,19:24:00,137.7,110.1,140.2,143.8,yes,2,16,,16,142.9,144.4,15,0,,144.4,NA
6/20/24,154,FFT06,19:34:00,229.5,119,145.3,151.6,yes,15,135,,26,145.9,201.3,40,0,,212.7,NA
6/20/24,155,FFT15,19:41:00,269.4,247.8,137.6,148.5,no,35,130,,18,109.5,123.6,15,0,,145.7,NA
6/20/24,156,FFT03,19:54:00,560.8,448.2,137.7,138.4,no,92,93,,14,84.2,89,10,0,,89,NA
6/20/24,157,FFT01,20:11:00,566.9,153.2,141.7,143.7,yes,16,314,,32,266.9,322.2,80,0,,386.4,NA
6/20/24,158,FFT24,20:23:00,633.2,552,153.9,152.9,no,36,10,,15,132.1,114.1,5,0,,114.1,NA
6/20/24,159,FFT27,20:30:00,750.4,550.2,141.3,142.1,yes,23,167,,25,130.1,136,25,0,,205.9,NA
6/20/24,160,FFT23,20:41:00,432,117.5,150.7,156.4,yes,57,269,,32,236.9,319.5,80,0,,369,NA
6/20/24,161,FFT25,20:53:00,704.7,536.9,146.3,141.7,no,85,45,,18,136.3,119.9,10,0,,136.3,NA
07/03/24,162,SXT02,20:38:00,197.1,154,154.3,154.2,no,1,23,,20,153.7,149.3,25,0,,168.4,NA
07/03/24,163,SXT05,20:46:00,211.9,187.9,147.2,147.8,yes,1,32,,18,130.4,153.6,18,0,,165.9,NA
07/03/24,164,SXT01,20:55:00,191.8,183.6,149.4,143.3,no,1,9,,13,133,130.5,4,0,,130.7,NA
07/03/24,165,SXT07,21:01:00,187.5,169.7,145,139.2,no,2,9,,11,128,121.5,2,0,,128,NA
07/03/24,166,SXT11,21:07:00,148.2,126.8,147.7,135.1,no,3,36,,14,144.7,130.5,15,0,,144.7,NA
07/03/24,167,SXT13,21:13:00,308.4,254.4,152.4,144.5,no,6,15,,61,130.4,135.8,11,0,,147,NA
07/03/24,168,SXT10,21:19:00,316.3,125.8,151.8,146.8,no,6,89,,30,222.5,312.2,90,0,,433.3,NA
07/03/24,169,SXT15,21:32:00,180.4,149,145.9,143.4,no,5,20,,11,130.5,129.7,5,0,,143.7,NA
07/03/24,170,SXT25,21:44:00,186.6,136.3,146.4,141.1,no,43,9,,10,129.9,118.6,9,0,,129.9,NA
07/03/24,171,SXT19,21:50:00,404.4,189.8,147.1,139.4,no,13,71,,31,222.9,325.6,80,0,,448.5,NA
07/03/24,172,SXT28,22:02:00,385.3,341.8,146.5,134.1,no,21,15,,12,127.8,115.8,3,0,,127.8,NA
07/03/24,173,SXT23,22:09:00,215.5,167,140.4,147.4,no,24,9,,13,128.8,119.8,5,0,,128.8,NA
07/03/24,174,SXT27,22:15:00,421.6,352.9,151.6,143.6,no,33,6,,8,133.6,117.4,5,0,,133.6,NA
07/03/24,175,SXT16,22:22:00,495.3,439.6,152.9,138.9,no,11,28,,9,139,112.5,4,0,,139,NA
07/03/24,176,SXT17,22:29:00,313.8,226.6,152.9,140.5,no,27,66,,22,147.5,126.7,20,0,,147.5,NA
07/03/24,177,SXT20,22:37:00,282.3,149.9,152.4,141.7,no,8,127,,23,177,266.6,90,0,,387.7,NA
07/05/24,178,SXT08,18:05:00,135.2,122.9,147.6,147.8,yes,1,12,,20,158.5,155,15,0,,162,NA
07/05/24,179,SXT04,18:13:00,140.1,133.7,146.5,137.8,yes,1,9,,8,140.3,134.8,3,0,,140.3,NA
07/05/24,180,SXT14,18:18:00,91.2,77.6,145.6,145.8,yes,1,29,,19,144.5,151,25,0,,184.9,NA
07/05/24,181,SXT12,18:24:00,134.9,75.4,145.7,147.3,yes,1,40,,37,159.3,228.6,80,0,,375.2,NA
07/05/24,182,SXT09,18:31:00,94.7,63,143.3,142.1,yes,1,43,,26,161.7,160.1,60,0,,309.3,NA
07/05/24,183,SXT29,18:39:00,269.4,228.5,143.4,141.3,yes,6,26,,13,137.5,124.2,5,0,,137.5,NA
07/05/24,184,SXT24,18:45:00,194.3,89.8,142.5,145.6,yes,3,65,,28,174.9,247,90,0,,333.9,NA
07/05/24,185,SXT26,18:55:00,184.6,142.7,140.4,147.1,yes,3,25,,16,137,118.1,10,0,,137,NA
07/05/24,186,SXT22,19:01:00,172.4,103,147.1,143.9,yes,1,91,,36,165.3,238.8,70,0,,327.7,NA
07/05/24,187,SXT18,19:11:00,335.8,178.1,149.7,138.5,yes,8,116,,36,184.5,294.1,80,0,,320.1,NA
07/05/24,188,SXT21,19:20:00,201.8,93.4,143.7,142.1,yes,2,71,,38,190,252.4,90,0,,311.1,NA
07/05/24,189,SXT32,19:28:00,199,161.1,148.1,141.7,no,23,13,,10,127.9,128.9,5,0,,128.9,NA
07/05/24,190,SXT31,19:34:00,475.2,400.7,146.1,130.5,no,39,83,,16,117.2,111.6,10,0,,117.2,NA
07/05/24,191,SXT30,19:43:00,342.6,129.9,150.5,134.4,no,23,252,,30,287.3,181,70,0,,320.6,NA
07/15/24,192,SVT28,21:22:00,221.3,130.2,149.2,147.6,yes,1,33,,48,208.5,208.4,70,0,,297.6,NA
07/15/24,193,SVT26,21:30:00,171,89.9,151,134,yes,1,108,,22,180.6,198.8,90,0,,269.3,NA
07/15/24,194,SVT27,21:38:00,125.6,78.3,152.2,143,yes,1,30,,28,154,164.8,30,0,,190.2,NA
07/15/24,195,SVT25,21:54:00,143.7,88.8,143.9,133.5,yes,1,38,,46,180.9,181.6,75,0,,212.2,NA
07/15/24,196,SVT24,22:07:00,48.3,37.2,148.2,138.8,yes,1,15,,18,144.2,138,10,0,,144.2,NA
07/15/24,197,SVT07,22:14:00,68.2,60.9,148.2,140.1,yes,1,26,,16,136.5,133.2,15,0,,136.5,NA
07/15/24,198,SVT22,22:22:00,170.5,148.6,147.1,137.3,yes,1,5,,13,127.1,112.3,3,0,,127.1,NA
07/15/24,199,SVT23,22:29:00,70.3,47.1,143.9,133.2,yes,1,30,,24,131.2,150.6,20,0,,163.1,NA
07/15/24,200,SVT03,22:38:00,116.7,88.8,144.9,131.5,no,1,21,,12,125.7,122.6,12,0,,125.7,NA
07/15/24,201,SVT04,22:46:00,50.9,44.2,136.9,134.1,yes,1,14,,10,145.1,138.2,7,0,,145.1,NA
07/15/24,202,SVT05,22:52:00,76.8,64.6,153.7,142.2,yes,1,18,,10,144.6,144.1,5,0,,144.6,NA
07/15/24,203,SVT06,22:59:00,32.9,29.4,152.9,151.8,no,1,4,,8,151.5,149.7,2,0,,151.5,NA
07/15/24,204,SVT09,23:02:00,532.1,94.8,151.5,149.1,no,15,250,,32,286.1,309.3,90,0,,403.3,NA
07/15/24,205,SVT15,23:15:00,580,304.1,139.6,148.1,no,60,135,,21,141.6,236.1,45,0,,327,NA
07/15/24,206,SVT10,23:25:00,422.9,90,136,150.2,no,13,283,,33,265.8,293.7,85,0,,371.1,NA
07/15/24,207,SVT21,23:38:00,522.2,184.7,135.4,133.2,yes,18,134,,40,211.4,338.4,75,0,,396.4,NA
07/18/24,208,SVT13,18:50:00,305.5,106.1,140.3,137.2,yes,3,202,,27,244.7,294.9,70,0,,355.4,NA
07/18/24,209,SVT17,19:00:00,585.4,92.2,146.1,138.9,yes,37,260,,30,336.4,325.8,95,0,,450.8,NA
07/18/24,210,SVT11,19:12:00,433.5,96,143.3,133.2,yes,15,345,,25,202,269.9,85,0,,395.4,NA
07/18/24,211,SVT20,19:27:00,508.6,76.5,138.7,132,yes,5,296,,24,228.6,258.3,90,0,,323.3,NA
07/18/24,212,SVT08,19:38:00,523.1,91.6,145.7,133.4,yes,25,251,,34,312.2,300.2,90,0,,465,NA
07/18/24,213,SVT12,19:56:00,527.3,72.2,148,132.7,yes,18,203,,47,328,312.9,88,0,,416.5,NA
07/18/24,214,SVT19,20:09:00,707.9,177.4,137.7,133.5,yes,5,303,,33,290.4,364.8,75,0,,569.3,NA
07/18/24,215,SVT18,20:22:00,436.2,234.3,140.7,143.9,yes,18,192,,22,166,205,55,0,,275.8,NA
07/18/24,216,SVT16,20:32:00,823.5,690.4,135.5,134.3,yes,12,108,,15,131,136.2,15,0,,150,NA
07/18/24,217,SVT14,20:40:00,531.4,86.3,149.7,137.6,yes,18,436,,35,235.2,252.4,90,0,,361.9,NA
07/18/24,218,SVT01,21:05:00,32.4,26.9,136.3,137.9,yes,1,8,,12,136,142,10,0,,145,NA
07/18/24,219,SVT02,21:10:00,25.2,22.8,130.7,133.5,yes,1,8,,11,130,136,12,0,,142,NA
07/28/24,220,EIT01,23:42:00,91.3,78.5,138.6,145,yes,1,38,,20,138.3,134.5,12,0,,149,NA
07/28/24,221,EIT04,23:49:00,194.9,104.7,150.1,148.3,yes,1,55,,42,229.8,209.1,70,0,,356.1,NA
07/28/24,222,EIT06,23:56:00,90.8,77.5,152.9,140.7,no,3,13,,10,148.6,135.8,5,0,,148.6,NA
07/29/24,223,EIT07,00:02:00,104.2,92,146.6,134.5,yes,4,22,,10,126.7,128,5,0,,128,NA
07/29/24,224,EIT03,00:08:00,99.8,87.2,139,134.7,no,4,14,,12,134,125.3,8,0,,134,NA
07/29/24,225,EIT05,00:16:00,100.8,86.7,136.1,132.3,yes,3,10,,6,116.1,111.9,3,0,,116.1,NA
07/29/24,226,EIT02,00:23:00,66.8,58.5,139.9,135.8,no,2,3,,5,139.6,136.2,3,0,,139.6,NA
07/29/24,227,EIT12,00:26:00,218.9,111.4,145,144.8,yes,4,157,,27,160.3,219.9,70,0,,316.7,NA
07/29/24,228,EIT16,00:37:00,170,121.7,152,138.1,yes,5,35,,21,145.8,118,15,0,,145.8,NA
07/29/24,229,EIT09,00:41:00,331.2,266.8,135.3,83,yes,8,123,,14,137.2,123.1,15,0,,137.2,NA
07/30/24,230,EIT14,20:49:00,318.3,274.6,136.3,142.8,yes,6,54,,19,139.9,108,5,0,,139.9,NA
07/30/24,231,EIT11,20:58:00,488.8,238.4,154.7,138.7,yes,1,143,,32,255.1,324,90,0,,455.5,NA
07/30/24,232,EIT10,21:09:00,518.6,199.3,148.7,153.4,yes,3,262,,34,267.6,241.3,90,0,,427.6,NA
07/30/24,233,EIT13,21:18:00,440.6,211.7,144.9,140.1,yes,1,210,,28,187.3,252.2,90,0,,383.7,NA
07/30/24,234,EIT08,21:28:00,458.8,243.3,134.1,139.9,yes,9,181,,26,193.8,302.2,50,0,,385.9,NA
07/30/24,235,EIT19,21:37:00,351.3,173.5,139.5,153.9,yes,8,80,,25,127.9,319.8,60,0,,384.7,NA
07/30/24,236,EIT20,21:44:00,141.4,127.4,142.7,152.4,yes,5,10,,10,130,122,5,0,,130,NA
07/30/24,237,EIT18,21:51:00,281,223.3,136.8,136.7,yes,19,10,,10,108.9,102.6,8,0,,180.9,NA
07/30/24,238,EIT15,21:59:00,143.4,115,136,133.1,yes,9,9,,9,117,112.1,5,0,,117,NA
07/30/24,239,EIT17,22:05:00,206.4,163.6,145,133.3,yes,18,22,,11,136,108.1,15,0,,136,NA
07/30/24,240,EIT21,22:11:00,174,143.9,147.9,132.8,yes,11,9,,8,128.2,111,3,0,,128.2,NA
