date,sample_id,spcode,fresh_weight_saturated,fresh_weight,dry_weight,water_potential,
04/30/2024,DK22,PRAN3,0.3889,0.3821,0.1463,0.26,
04/30/2024,DK22,PRAN3,0.3889,0.3797,0.1463,0.33,
04/30/2024,DK22,PRAN3,0.3889,0.3706,0.1463,0.4,
04/30/2024,DK22,PRAN3,0.3889,0.3657,0.1463,0.46,
04/30/2024,DK22,PRAN3,0.3889,0.3628,0.1463,0.68,
04/30/2024,DK22,PRAN3,0.3889,0.3571,0.1463,0.91,
04/30/2024,DK22,PRAN3,0.3889,0.3509,0.1463,1.32,
04/30/2024,DK22,PRAN3,0.3889,0.3472,0.1463,1.69,
04/30/2024,DK22,PRAN3,0.3889,0.3431,0.1463,1.97,
04/30/2024,DK22,PRAN3,0.3889,0.3396,0.1463,2.1,
04/30/2024,DK22,PRAN3,0.3889,0.3366,0.1463,2.25,
04/30/2024,DK22,PRAN3,0.3889,0.3333,0.1463,2.39,
04/30/2024,DK22,PRAN3,0.3889,0.3293,0.1463,2.51,
04/30/2024,DK22,PRAN3,0.3889,0.3253,0.1463,2.65,
04/30/2024,DK22,PRAN3,0.3889,0.3232,0.1463,2.82,
04/30/2024,DK22,PRAN3,0.3889,0.3197,0.1463,2.96,
04/30/2024,DK23,PRAN3,0.4564,0.4432,0.1659,0.27,
04/30/2024,DK23,PRAN3,0.4564,0.4354,0.1659,0.38,
04/30/2024,DK23,PRAN3,0.4564,0.4288,0.1659,0.46,
04/30/2024,DK23,PRAN3,0.4564,0.4237,0.1659,0.61,
04/30/2024,DK23,PRAN3,0.4564,0.4173,0.1659,0.82,
04/30/2024,DK23,PRAN3,0.4564,0.4143,0.1659,0.95,
04/30/2024,DK23,PRAN3,0.4564,0.4076,0.1659,1.31,
04/30/2024,DK23,PRAN3,0.4564,0.4035,0.1659,1.56,
04/30/2024,DK23,PRAN3,0.4564,0.3989,0.1659,1.77,
04/30/2024,DK23,PRAN3,0.4564,0.3935,0.1659,2.04,
04/30/2024,DK23,PRAN3,0.4564,0.3864,0.1659,2.25,
04/30/2024,DK23,PRAN3,0.4564,0.3756,0.1659,2.54,
04/30/2024,DK23,PRAN3,0.4564,0.3656,0.1659,2.85,
04/30/2024,DK23,PRAN3,0.4564,0.3558,0.1659,3.11,
05/01/2024,DK24,PRAN3,0.681,0.6703,0.2648,0.21,
05/01/2024,DK24,PRAN3,0.681,0.6603,0.2648,0.37,
05/01/2024,DK24,PRAN3,0.681,0.6507,0.2648,0.42,
05/01/2024,DK24,PRAN3,0.681,0.6438,0.2648,0.51,
05/01/2024,DK24,PRAN3,0.681,0.6374,0.2648,0.56,
05/01/2024,DK24,PRAN3,0.681,0.6295,0.2648,0.65,
05/01/2024,DK24,PRAN3,0.681,0.6225,0.2648,0.98,
05/01/2024,DK24,PRAN3,0.681,0.6165,0.2648,1.21,
05/01/2024,DK24,PRAN3,0.681,0.61,0.2648,1.46,
05/01/2024,DK24,PRAN3,0.681,0.6053,0.2648,1.68,
05/01/2024,DK24,PRAN3,0.681,0.5992,0.2648,1.85,
05/01/2024,DK24,PRAN3,0.681,0.5948,0.2648,2.07,
05/01/2024,DK24,PRAN3,0.681,0.5897,0.2648,2.19,
05/01/2024,DK24,PRAN3,0.681,0.5839,0.2648,2.32,
05/01/2024,DK24,PRAN3,0.681,0.5773,0.2648,2.54,  
05/01/2024,DK24,PRAN3,0.681,0.5646,0.2648,2.85,
05/01/2024,DK24,PRAN3,0.681,0.5539,0.2648,2.98,
05/03/2024,DK08,RHTR,0.3663,0.3552,0.1293,0.26,
05/03/2024,DK08,RHTR,0.3663,0.3418,0.1293,0.58,
05/03/2024,DK08,RHTR,0.3663,0.3353,0.1293,0.83,
05/03/2024,DK08,RHTR,0.3663,0.3296,0.1293,0.96,
05/03/2024,DK08,RHTR,0.3663,0.3243,0.1293,1.07,
05/03/2024,DK08,RHTR,0.3663,0.3179,0.1293,1.16,
05/03/2024,DK08,RHTR,0.3663,0.3103,0.1293,1.48,
05/03/2024,DK08,RHTR,0.3663,0.3045,0.1293,1.6,
05/03/2024,DK08,RHTR,0.3663,0.2988,0.1293,1.74,
05/03/2024,DK08,RHTR,0.3663,0.2928,0.1293,1.96,
05/03/2024,DK08,RHTR,0.3663,0.2856,0.1293,2.25,
05/03/2024,DK08,RHTR,0.3663,0.2786,0.1293,2.3,
05/03/2024,DK08,RHTR,0.3663,0.273,0.1293,2.46,
05/03/2024,DK08,RHTR,0.3663,0.2636,0.1293,2.75,
05/03/2024,DK08,RHTR,0.3663,0.2594,0.1293,3.01,
05/03/2024,DK09,RHTR,0.2752,0.2502,0.0764,0.25,
05/03/2024,DK09,RHTR,0.2752,0.2367,0.0764,0.52,
05/03/2024,DK09,RHTR,0.2752,0.2331,0.0764,0.79,
05/03/2024,DK09,RHTR,0.2752,0.2172,0.0764,1.31,
05/03/2024,DK09,RHTR,0.2752,0.2095,0.0764,1.96,
05/03/2024,DK09,RHTR,0.2752,0.2076,0.0764,2.05,
05/03/2024,DK09,RHTR,0.2752,0.2032,0.0764,2.09,
05/03/2024,DK09,RHTR,0.2752,0.1968,0.0764,2.35,
05/03/2024,DK09,RHTR,0.2752,0.191,0.0764,2.52,
05/03/2024,DK09,RHTR,0.2752,0.1861,0.0764,3.03,
05/17/2024,ST29,JUAS,0.6873,0.6757,0.3422,0.26,
05/17/2024,ST29,JUAS,0.6873,0.6645,0.3422,0.45,
05/17/2024,ST29,JUAS,0.6873,0.6536,0.3422,0.78,
05/17/2024,ST29,JUAS,0.6873,0.6436,0.3422,1.18,
05/17/2024,ST29,JUAS,0.6873,0.6313,0.3422,1.77,
05/17/2024,ST29,JUAS,0.6873,0.6247,0.3422,1.96,
05/17/2024,ST29,JUAS,0.6873,0.6184,0.3422,2.31,
05/17/2024,ST29,JUAS,0.6873,0.6117,0.3422,2.61,
05/17/2024,ST29,JUAS,0.6873,0.607,0.3422,2.83,
05/17/2024,ST29,JUAS,0.6873,0.6,0.3422,3.06,
05/17/2024,ST29,JUAS,0.6873,0.5948,0.3422,3.29,
05/17/2024,ST30,JUAS,1.389,1.3405,0.6455,0.52,
05/17/2024,ST30,JUAS,1.389,1.3192,0.6455,0.75,
05/17/2024,ST30,JUAS,1.389,1.3078,0.6455,0.96,
05/17/2024,ST30,JUAS,1.389,1.2821,0.6455,1.47,
05/17/2024,ST30,JUAS,1.389,1.2628,0.6455,1.8,
05/17/2024,ST30,JUAS,1.389,1.2464,0.6455,2.12,
05/17/2024,ST30,JUAS,1.389,1.2375,0.6455,2.31,
05/17/2024,ST30,JUAS,1.389,1.2251,0.6455,2.5,
05/17/2024,ST30,JUAS,1.389,1.2086,0.6455,2.72,
05/17/2024,ST30,JUAS,1.389,1.1846,0.6455,2.94,
05/18/2024,ST36,JUAS,0.6452,0.6151,0.3143,0.39,
05/18/2024,ST36,JUAS,0.6452,0.6106,0.3143,0.51,
05/18/2024,ST36,JUAS,0.6452,0.6005,0.3143,0.84,
05/18/2024,ST36,JUAS,0.6452,0.5884,0.3143,1.48,
05/18/2024,ST36,JUAS,0.6452,0.5796,0.3143,1.89,
05/18/2024,ST36,JUAS,0.6452,0.5738,0.3143,2.24,
05/18/2024,ST36,JUAS,0.6452,0.5681,0.3143,2.41,
05/18/2024,ST36,JUAS,0.6452,0.5629,0.3143,2.67,
05/18/2024,ST36,JUAS,0.6452,0.5584,0.3143,2.84,
05/18/2024,ST36,JUAS,0.6452,0.5543,0.3143,3.04,
05/18/2024,ST11,SOSE3,0.5428,0.5336,0.2177,0.44,
05/18/2024,ST11,SOSE3,0.5428,0.5281,0.2177,0.87,
05/18/2024,ST11,SOSE3,0.5428,0.5176,0.2177,1.55,
05/18/2024,ST11,SOSE3,0.5428,0.5089,0.2177,2.36,
05/18/2024,ST11,SOSE3,0.5428,0.5042,0.2177,2.51,
05/18/2024,ST11,SOSE3,0.5428,0.5005,0.2177,2.6,
05/18/2024,ST11,SOSE3,0.5428,0.4968,0.2177,2.71,
05/18/2024,ST11,SOSE3,0.5428,0.4945,0.2177,2.77,
05/18/2024,ST11,SOSE3,0.5428,0.4932,0.2177,2.84,
05/18/2024,ST11,SOSE3,0.5428,0.4863,0.2177,3.04,
05/18/2024,ST31,JUAS,0.6751,0.6481,0.3195,0.53,
05/18/2024,ST31,JUAS,0.6751,0.6404,0.3195,0.75,
05/18/2024,ST31,JUAS,0.6751,0.6272,0.3195,1.27,
05/18/2024,ST31,JUAS,0.6751,0.6208,0.3195,1.9,
05/18/2024,ST31,JUAS,0.6751,0.6128,0.3195,2.21,
05/18/2024,ST31,JUAS,0.6751,0.6057,0.3195,2.37,
05/18/2024,ST31,JUAS,0.6751,0.6008,0.3195,2.5,
05/18/2024,ST31,JUAS,0.6751,0.5947,0.3195,2.66,
05/18/2024,ST31,JUAS,0.6751,0.5842,0.3195,2.75,
05/18/2024,ST31,JUAS,0.6751,0.5741,0.3195,2.93,
05/27/2024,TD14,DITE3,0.2044,0.2029,0.0873,0.04,
05/27/2024,TD14,DITE3,0.2044,0.1915,0.0873,0.35,
05/27/2024,TD14,DITE3,0.2044,0.1872,0.0873,0.48,
05/27/2024,TD14,DITE3,0.2044,0.1807,0.0873,1.08,
05/27/2024,TD14,DITE3,0.2044,0.1749,0.0873,1.97,
05/27/2024,TD14,DITE3,0.2044,0.1692,0.0873,2.67,
05/27/2024,TD14,DITE3,0.2044,0.1642,0.0873,3.48,
05/27/2024,TD14,DITE3,0.2044,0.1568,0.0873,3.9,
05/27/2024,TD14,DITE3,0.2044,0.1531,0.0873,4.11,
05/27/2024,TD14,DITE3,0.2044,0.1487,0.0873,4.35,
05/27/2024,TD12,DITE3,0.504,0.496,0.2142,0.04,
05/27/2024,TD12,DITE3,0.504,0.4482,0.2142,0.37,
05/27/2024,TD12,DITE3,0.504,0.4435,0.2142,0.71,
05/27/2024,TD12,DITE3,0.504,0.4374,0.2142,1.21,
05/27/2024,TD12,DITE3,0.504,0.43,0.2142,1.7,
05/27/2024,TD12,DITE3,0.504,0.4217,0.2142,2.6,
05/27/2024,TD12,DITE3,0.504,0.4158,0.2142,2.91,
05/27/2024,TD12,DITE3,0.504,0.4096,0.2142,3.16,
05/27/2024,TD12,DITE3,0.504,0.403,0.2142,3.35,
05/27/2024,TD12,DITE3,0.504,0.3957,0.2142,3.52,
07/01/2024,SXT08,DITE3,0.2904,0.2877,0.1313,0.15,
07/01/2024,SXT08,DITE3,0.2904,0.267,0.1313,0.9,
07/01/2024,SXT08,DITE3,0.2904,0.258,0.1313,1.52,
07/01/2024,SXT08,DITE3,0.2904,0.2553,0.1313,1.96,
07/01/2024,SXT08,DITE3,0.2904,0.252,0.1313,2.38,
07/01/2024,SXT08,DITE3,0.2904,0.2472,0.1313,2.88,
07/01/2024,SXT08,DITE3,0.2904,0.2416,0.1313,3.2,
07/01/2024,SXT08,DITE3,0.2904,0.2384,0.1313,3.4,
07/01/2024,SXT08,DITE3,0.2904,0.2333,0.1313,3.62,
07/01/2024,SXT08,DITE3,0.2904,0.2248,0.1313,4.08,
07/01/2024,SXT06,DITE3,0.3576,0.3528,0.1468,0.09,
07/01/2024,SXT06,DITE3,0.3576,0.3164,0.1468,0.24,
07/01/2024,SXT06,DITE3,0.3576,0.307,0.1468,0.35,
07/01/2024,SXT06,DITE3,0.3576,0.2961,0.1468,1.73,
07/01/2024,SXT06,DITE3,0.3576,0.2926,0.1468,2.21,
07/01/2024,SXT06,DITE3,0.3576,0.2889,0.1468,2.53,
07/01/2024,SXT06,DITE3,0.3576,0.2857,0.1468,2.64,
07/01/2024,SXT06,DITE3,0.3576,0.2822,0.1468,2.94,
07/01/2024,SXT06,DITE3,0.3576,0.2783,0.1468,3.26,
07/01/2024,SXT06,DITE3,0.3576,0.2754,0.1468,3.44,
07/01/2024,SXT05,DITE3,0.7842,0.7765,0.3402,0.09,
07/01/2024,SXT05,DITE3,0.7842,0.6961,0.3402,0.25,
07/01/2024,SXT05,DITE3,0.7842,0.6586,0.3402,0.95,
07/01/2024,SXT05,DITE3,0.7842,0.6419,0.3402,1.96,
07/01/2024,SXT05,DITE3,0.7842,0.6248,0.3402,2.28,
07/01/2024,SXT05,DITE3,0.7842,0.6104,0.3402,2.51,
07/01/2024,SXT05,DITE3,0.7842,0.6025,0.3402,2.62,
07/01/2024,SXT05,DITE3,0.7842,0.5974,0.3402,2.69,
07/01/2024,SXT05,DITE3,0.7842,0.5901,0.3402,2.84,
07/01/2024,SXT05,DITE3,0.7842,0.5767,0.3402,3.23,
06/30/2024,SXT22,SOSE3,0.7253,0.7207,0.2601,0.09,
06/30/2024,SXT22,SOSE3,0.7253,0.7021,0.2601,0.35,
06/30/2024,SXT22,SOSE3,0.7253,0.6924,0.2601,0.87,
06/30/2024,SXT22,SOSE3,0.7253,0.6825,0.2601,1.5,
06/30/2024,SXT22,SOSE3,0.7253,0.6744,0.2601,1.97,
06/30/2024,SXT22,SOSE3,0.7253,0.6631,0.2601,2.42,
06/30/2024,SXT22,SOSE3,0.7253,0.6578,0.2601,2.58,
06/30/2024,SXT22,SOSE3,0.7253,0.6471,0.2601,2.7,
06/30/2024,SXT22,SOSE3,0.7253,0.6351,0.2601,2.87,
06/30/2024,SXT22,SOSE3,0.7253,0.6292,0.2601,2.98,
06/30/2024,SXT21,SOSE3,0.5762,0.5757,0.2546,0.07,
06/30/2024,SXT21,SOSE3,0.5762,0.5688,0.2546,0.75,
06/30/2024,SXT21,SOSE3,0.5762,0.5619,0.2546,1.37,
06/30/2024,SXT21,SOSE3,0.5762,0.5536,0.2546,1.77,
06/30/2024,SXT21,SOSE3,0.5762,0.5488,0.2546,2.15,
06/30/2024,SXT21,SOSE3,0.5762,0.5454,0.2546,2.44,
06/30/2024,SXT21,SOSE3,0.5762,0.5388,0.2546,2.6,
06/30/2024,SXT21,SOSE3,0.5762,0.5301,0.2546,2.75,
06/30/2024,SXT21,SOSE3,0.5762,0.5238,0.2546,2.96,
06/30/2024,SXT21,SOSE3,0.5762,0.5214,0.2546,3.13,
06/30/2024,SXT18,SOSE3,0.8167,0.8129,0.3848,0.05,
06/30/2024,SXT18,SOSE3,0.8167,0.8066,0.3848,0.45,
06/30/2024,SXT18,SOSE3,0.8167,0.7986,0.3848,0.89,
06/30/2024,SXT18,SOSE3,0.8167,0.7884,0.3848,1.81,
06/30/2024,SXT18,SOSE3,0.8167,0.7806,0.3848,2.22,
06/30/2024,SXT18,SOSE3,0.8167,0.7778,0.3848,2.5,
06/30/2024,SXT18,SOSE3,0.8167,0.774,0.3848,2.69,
06/30/2024,SXT18,SOSE3,0.8167,0.7671,0.3848,2.86,
06/30/2024,SXT18,SOSE3,0.8167,0.7645,0.3848,2.94,
06/30/2024,SXT18,SOSE3,0.8167,0.7614,0.3848,3.01,
06/30/2024,SXT19,SOSE3,1.1281,1.1208,0.554,0.21,
06/30/2024,SXT19,SOSE3,1.1281,1.1016,0.554,0.83,
06/30/2024,SXT19,SOSE3,1.1281,1.0901,0.554,1.48,
06/30/2024,SXT19,SOSE3,1.1281,1.0816,0.554,1.95,
06/30/2024,SXT19,SOSE3,1.1281,1.0734,0.554,2.28,
06/30/2024,SXT19,SOSE3,1.1281,1.0662,0.554,2.55,
06/30/2024,SXT19,SOSE3,1.1281,1.0623,0.554,2.6,
06/30/2024,SXT19,SOSE3,1.1281,1.0545,0.554,2.72,
06/30/2024,SXT19,SOSE3,1.1281,1.046,0.554,2.85,
06/30/2024,SXT19,SOSE3,1.1281,1.0373,0.554,3.02,
06/30/2024,SXT30,JUAS,2.2484,2.2449,1.0343,0.04,
06/30/2024,SXT30,JUAS,2.2484,2.0954,1.0343,0.86,
06/30/2024,SXT30,JUAS,2.2484,2.0613,1.0343,1.13,
06/30/2024,SXT30,JUAS,2.2484,2.0251,1.0343,1.59,
06/30/2024,SXT30,JUAS,2.2484,2.0051,1.0343,1.81,
06/30/2024,SXT30,JUAS,2.2484,1.9818,1.0343,2.07,
06/30/2024,SXT30,JUAS,2.2484,1.9616,1.0343,2.28,
06/30/2024,SXT30,JUAS,2.2484,1.9513,1.0343,2.46,
06/30/2024,SXT30,JUAS,2.2484,1.9348,1.0343,2.55,
06/30/2024,SXT30,JUAS,2.2484,1.9274,1.0343,2.64,
06/30/2024,SXT30,JUAS,2.2484,1.9153,1.0343,2.75,
06/30/2024,SXT30,JUAS,2.2484,1.9035,1.0343,2.95,
05/27/2024,TD16,RHVI3,0.5696,0.5621,0.2221,0.09,
05/27/2024,TD16,RHVI3,0.5696,0.5384,0.2221,0.75,
05/27/2024,TD16,RHVI3,0.5696,0.5306,0.2221,1.08,
05/27/2024,TD16,RHVI3,0.5696,0.5242,0.2221,1.54,
05/27/2024,TD16,RHVI3,0.5696,0.517,0.2221,1.84,
05/27/2024,TD16,RHVI3,0.5696,0.5149,0.2221,2.02,
05/27/2024,TD16,RHVI3,0.5696,0.509,0.2221,2.19,
05/27/2024,TD16,RHVI3,0.5696,0.5045,0.2221,2.4,
05/27/2024,TD16,RHVI3,0.5696,0.4949,0.2221,2.79,
05/27/2024,TD16,RHVI3,0.5696,0.4751,0.2221,3.17,
05/27/2024,TD19,RHVI3,0.7262,0.7211,0.3242,0.08,
05/27/2024,TD19,RHVI3,0.7262,0.7058,0.3242,0.41,
05/27/2024,TD19,RHVI3,0.7262,0.6959,0.3242,0.96,
05/27/2024,TD19,RHVI3,0.7262,0.685,0.3242,1.33,
05/27/2024,TD19,RHVI3,0.7262,0.681,0.3242,1.71,
05/27/2024,TD19,RHVI3,0.7262,0.6755,0.3242,1.99,
05/27/2024,TD19,RHVI3,0.7262,0.6692,0.3242,2.16,
05/27/2024,TD19,RHVI3,0.7262,0.6643,0.3242,2.4,
05/27/2024,TD19,RHVI3,0.7262,0.5629,0.3242,2.67,
05/27/2024,TD19,RHVI3,0.7262,0.647,0.3242,2.72,
07/06/2024,SXT24,RHVI3,0.539,0.5258,0.2258,0.2,
07/06/2024,SXT24,RHVI3,0.539,0.5133,0.2258,0.88,
07/06/2024,SXT24,RHVI3,0.539,0.5059,0.2258,1.2,
07/06/2024,SXT24,RHVI3,0.539,0.4988,0.2258,1.6,
07/06/2024,SXT24,RHVI3,0.539,0.4867,0.2258,1.98,
07/06/2024,SXT24,RHVI3,0.539,0.481,0.2258,2.3,
07/06/2024,SXT24,RHVI3,0.539,0.4746,0.2258,2.45,
07/06/2024,SXT24,RHVI3,0.539,0.4666,0.2258,2.75,
07/06/2024,SXT24,RHVI3,0.539,0.4641,0.2258,2.84,
07/06/2024,SXT24,RHVI3,0.539,0.459,0.2258,2.99,
07/06/2024,SXT26,RHVI3,0.9073,0.8806,0.3446,0.1,
07/06/2024,SXT26,RHVI3,0.9073,0.858,0.3446,1.1,
07/06/2024,SXT26,RHVI3,0.9073,0.8462,0.3446,1.26,
07/06/2024,SXT26,RHVI3,0.9073,0.8264,0.3446,1.65,
07/06/2024,SXT26,RHVI3,0.9073,0.8178,0.3446,1.93,
07/06/2024,SXT26,RHVI3,0.9073,0.8001,0.3446,2.13,
07/06/2024,SXT26,RHVI3,0.9073,0.786,0.3446,2.3,
07/06/2024,SXT26,RHVI3,0.9073,0.7655,0.3446,2.45,
07/06/2024,SXT26,RHVI3,0.9073,0.7499,0.3446,2.65,
07/06/2024,SXT26,RHVI3,0.9073,0.7442,0.3446,2.94,
07/01/2024,SXT11,MATR3,0.4632,0.4603,0.2336,0.02,
07/01/2024,SXT11,MATR3,0.4632,0.4426,0.2336,0.22,
07/01/2024,SXT11,MATR3,0.4632,0.433,0.2336,0.48,
07/01/2024,SXT11,MATR3,0.4632,0.4223,0.2336,1.22,
07/01/2024,SXT11,MATR3,0.4632,0.4179,0.2336,1.91,
07/01/2024,SXT11,MATR3,0.4632,0.4138,0.2336,2.51,
07/01/2024,SXT11,MATR3,0.4632,0.4102,0.2336,2.8,
07/01/2024,SXT11,MATR3,0.4632,0.4065,0.2336,2.95,
07/01/2024,SXT11,MATR3,0.4632,0.4022,0.2336,3.08,
07/01/2024,SXT11,MATR3,0.4632,0.3977,0.2336,3.4,
07/18/2024,SVT02,PRAN3,0.2072,0.2044,0.0931,0.1,
07/18/2024,SVT02,PRAN3,0.2072,0.1806,0.0931,0.85,
07/18/2024,SVT02,PRAN3,0.2072,0.1722,0.0931,1.35,
07/18/2024,SVT02,PRAN3,0.2072,0.1672,0.0931,1.6,
07/18/2024,SVT02,PRAN3,0.2072,0.1631,0.0931,1.8,
07/18/2024,SVT02,PRAN3,0.2072,0.158,0.0931,2.03,
07/18/2024,SVT02,PRAN3,0.2072,0.1542,0.0931,2.26,
07/18/2024,SVT02,PRAN3,0.2072,0.1522,0.0931,2.48,
07/18/2024,SVT02,PRAN3,0.2072,0.1482,0.0931,2.55,
07/18/2024,SVT02,PRAN3,0.2072,0.1457,0.0931,2.67,
07/18/2024,SVT11,JUPI,0.6933,0.6853,0.3167,0.09,
07/18/2024,SVT11,JUPI,0.6933,0.6044,0.3167,0.64,
07/18/2024,SVT11,JUPI,0.6933,0.5976,0.3167,0.95,
07/18/2024,SVT11,JUPI,0.6933,0.5813,0.3167,1.72,
07/18/2024,SVT11,JUPI,0.6933,0.5725,0.3167,2.09,
07/18/2024,SVT11,JUPI,0.6933,0.5643,0.3167,2.34,
07/18/2024,SVT11,JUPI,0.6933,0.5607,0.3167,2.42,
07/18/2024,SVT11,JUPI,0.6933,0.5567,0.3167,2.54,
07/18/2024,SVT11,JUPI,0.6933,0.5512,0.3167,2.76,
07/18/2024,SVT11,JUPI,0.6933,0.5455,0.3167,2.93,
07/18/2024,SVT09,JUPI,1.6979,1.6797,0.7748,0.13,
07/18/2024,SVT09,JUPI,1.6979,1.5089,0.7748,0.57,
07/18/2024,SVT09,JUPI,1.6979,1.4804,0.7748,1.02,
07/18/2024,SVT09,JUPI,1.6979,1.4553,0.7748,1.52,
07/18/2024,SVT09,JUPI,1.6979,1.4234,0.7748,1.99,
07/18/2024,SVT09,JUPI,1.6979,1.4139,0.7748,2.11,
07/18/2024,SVT09,JUPI,1.6979,1.4036,0.7748,2.23,
07/18/2024,SVT09,JUPI,1.6979,1.3928,0.7748,2.35,
07/18/2024,SVT09,JUPI,1.6979,1.3736,0.7748,2.48,
07/18/2024,SVT09,JUPI,1.6979,1.3659,0.7748,2.77,
07/18/2024,SVT10,JUPI,1.3714,1.3668,0.6801,0.1,
07/18/2024,SVT10,JUPI,1.3714,1.3091,0.6801,0.45,
07/18/2024,SVT10,JUPI,1.3714,1.2558,0.6801,0.89,
07/18/2024,SVT10,JUPI,1.3714,1.2357,0.6801,1.29,
07/18/2024,SVT10,JUPI,1.3714,1.2095,0.6801,1.81,
07/18/2024,SVT10,JUPI,1.3714,1.1865,0.6801,2.24,
07/18/2024,SVT10,JUPI,1.3714,1.1797,0.6801,2.35,
07/18/2024,SVT10,JUPI,1.3714,1.1701,0.6801,2.53,
07/18/2024,SVT10,JUPI,1.3714,1.1585,0.6801,2.71,
07/18/2024,SVT10,JUPI,1.3714,1.1504,0.6801,2.96,
07/18/2024,SVT08,JUPI,1.96,1.8445,0.8721,0.1,
07/18/2024,SVT08,JUPI,1.96,1.7257,0.8721,0.78,
07/18/2024,SVT08,JUPI,1.96,1.6848,0.8721,1.2,
07/18/2024,SVT08,JUPI,1.96,1.6518,0.8721,1.67,
07/18/2024,SVT08,JUPI,1.96,1.6238,0.8721,2.07,
07/18/2024,SVT08,JUPI,1.96,1.6061,0.8721,2.31,
07/18/2024,SVT08,JUPI,1.96,1.593,0.8721,2.48,
07/18/2024,SVT08,JUPI,1.96,1.5825,0.8721,2.58,
07/18/2024,SVT08,JUPI,1.96,1.5686,0.8721,2.71,
07/18/2024,SVT08,JUPI,1.96,1.5628,0.8721,2.8,
07/24/2024,EIT01,MATR3,0.6954,0.653,0.3198,0.33,
07/24/2024,EIT01,MATR3,0.6954,0.619,0.3198,0.92,
07/24/2024,EIT01,MATR3,0.6954,0.6054,0.3198,1.57,
07/24/2024,EIT01,MATR3,0.6954,0.5942,0.3198,1.97,
07/24/2024,EIT01,MATR3,0.6954,0.5878,0.3198,2.18,
07/24/2024,EIT01,MATR3,0.6954,0.5819,0.3198,2.33,
07/24/2024,EIT01,MATR3,0.6954,0.5753,0.3198,2.42,
07/24/2024,EIT01,MATR3,0.6954,0.5703,0.3198,2.61,
07/24/2024,EIT01,MATR3,0.6954,0.5636,0.3198,2.84,
07/24/2024,EIT01,MATR3,0.6954,0.5607,0.3198,3.04,
07/24/2024,EIT02,MATR3,0.4009,0.3967,0.175,0.05,
07/24/2024,EIT02,MATR3,0.4009,0.3517,0.175,0.98,
07/24/2024,EIT02,MATR3,0.4009,0.3462,0.175,1.42,
07/24/2024,EIT02,MATR3,0.4009,0.3375,0.175,1.86,
07/24/2024,EIT02,MATR3,0.4009,0.3353,0.175,1.96,
07/24/2024,EIT02,MATR3,0.4009,0.3313,0.175,2.1,
07/24/2024,EIT02,MATR3,0.4009,0.3274,0.175,2.16,
07/24/2024,EIT02,MATR3,0.4009,0.3227,0.175,2.39,
07/24/2024,EIT02,MATR3,0.4009,0.3197,0.175,2.62,
07/24/2024,EIT02,MATR3,0.4009,0.3159,0.175,2.96,
07/24/2024,EIT03,MATR3,0.4325,0.4269,0.223,0.06,
07/24/2024,EIT03,MATR3,0.4325,0.4064,0.223,0.89,
07/24/2024,EIT03,MATR3,0.4325,0.4016,0.223,1.16,
07/24/2024,EIT03,MATR3,0.4325,0.3979,0.223,1.48,
07/24/2024,EIT03,MATR3,0.4325,0.3942,0.223,1.83,
07/24/2024,EIT03,MATR3,0.4325,0.3918,0.223,2.31,
07/24/2024,EIT03,MATR3,0.4325,0.3876,0.223,2.47,
07/24/2024,EIT03,MATR3,0.4325,0.3847,0.223,2.62,
07/24/2024,EIT03,MATR3,0.4325,0.3823,0.223,2.86,
07/24/2024,EIT03,MATR3,0.4325,0.3789,0.223,3.02,
08/07/2024,RHTR1,RHTR,0.4561,0.4538,0.2033,0.41,
08/07/2024,RHTR1,RHTR,0.4561,0.4403,0.2033,0.84,
08/07/2024,RHTR1,RHTR,0.4561,0.4334,0.2033,1.19,
08/07/2024,RHTR1,RHTR,0.4561,0.429,0.2033,1.47,
08/07/2024,RHTR1,RHTR,0.4561,0.4236,0.2033,1.83,
08/07/2024,RHTR1,RHTR,0.4561,0.4176,0.2033,2.06,
08/07/2024,RHTR1,RHTR,0.4561,0.4108,0.2033,2.23,
08/07/2024,RHTR1,RHTR,0.4561,0.4072,0.2033,2.52,
08/07/2024,RHTR1,RHTR,0.4561,0.403,0.2033,2.61,
08/07/2024,RHTR1,RHTR,0.4561,0.3396,0.2033,2.94,
08/07/2024,RHTR2,RHTR,0.3722,0.3707,0.1663,0.39,
08/07/2024,RHTR2,RHTR,0.3722,0.3589,0.1663,0.76,
08/07/2024,RHTR2,RHTR,0.3722,0.3552,0.1663,1.09,
08/07/2024,RHTR2,RHTR,0.3722,0.3497,0.1663,1.41,
08/07/2024,RHTR2,RHTR,0.3722,0.3454,0.1663,1.66,
08/07/2024,RHTR2,RHTR,0.3722,0.3413,0.1663,2.02,
08/07/2024,RHTR2,RHTR,0.3722,0.335,0.1663,2.32,
08/07/2024,RHTR2,RHTR,0.3722,0.3318,0.1663,2.49,
08/07/2024,RHTR2,RHTR,0.3722,0.3287,0.1663,2.64,
08/07/2024,RHTR2,RHTR,0.3722,0.3256,0.1663,2.78,
07/18/2024,SVT27,PRGL2,0.8755,0.8728,0.3998,0.2,
07/18/2024,SVT27,PRGL2,0.8755,0.8443,0.3998,0.64,
07/18/2024,SVT27,PRGL2,0.8755,0.8264,0.3998,1.04,
07/18/2024,SVT27,PRGL2,0.8755,0.8117,0.3998,1.5,
07/18/2024,SVT27,PRGL2,0.8755,0.8044,0.3998,1.76,
07/18/2024,SVT27,PRGL2,0.8755,0.801,0.3998,1.91,
07/18/2024,SVT27,PRGL2,0.8755,0.7913,0.3998,2.08,
07/18/2024,SVT27,PRGL2,0.8755,0.7803,0.3998,2.25,
07/18/2024,SVT27,PRGL2,0.8755,0.7757,0.3998,2.58,
07/18/2024,SVT27,PRGL2,0.8755,0.7656,0.3998,2.76,
08/06/2024,PRGL22,PRGL2,0.4402,0.4271,0.1757,0.1,
08/06/2024,PRGL22,PRGL2,0.4402,0.4181,0.1757,0.25,
08/06/2024,PRGL22,PRGL2,0.4402,0.3794,0.1757,0.71,
08/06/2024,PRGL22,PRGL2,0.4402,0.3427,0.1757,1.23,
08/06/2024,PRGL22,PRGL2,0.4402,0.3247,0.1757,1.97,
08/06/2024,PRGL22,PRGL2,0.4402,0.3158,0.1757,2.2,
08/06/2024,PRGL22,PRGL2,0.4402,0.3098,0.1757,2.45,
08/06/2024,PRGL22,PRGL2,0.4402,0.3051,0.1757,2.58,
08/06/2024,PRGL22,PRGL2,0.4402,0.3001,0.1757,2.68,
08/06/2024,PRGL22,PRGL2,0.4402,0.2984,0.1757,3.02,
08/06/2024,PRGL23,PRGL2,0.7257,0.7128,0.3234,0.33,
08/06/2024,PRGL23,PRGL2,0.7257,0.7027,0.3234,0.86,
08/06/2024,PRGL23,PRGL2,0.7257,0.6868,0.3234,1.26,
08/06/2024,PRGL23,PRGL2,0.7257,0.6727,0.3234,1.5,
08/06/2024,PRGL23,PRGL2,0.7257,0.6677,0.3234,1.79,
08/06/2024,PRGL23,PRGL2,0.7257,0.6601,0.3234,2.01,
08/06/2024,PRGL23,PRGL2,0.7257,0.6517,0.3234,2.34,
08/06/2024,PRGL23,PRGL2,0.7257,0.6383,0.3234,2.56,
08/06/2024,PRGL23,PRGL2,0.7257,0.6316,0.3234,2.67,
08/06/2024,PRGL23,PRGL2,0.7257,0.6287,0.3234,2.84,
