#,Date-Time (CDT),Ch: 1 - Temperature   (°C),Ch: 2 - RH   (%),Dew Point   (°C),Button Down,Host Connected,Stopped,End of File
1,06/09/2023 13:33:39,23.08,42.44,9.64,,,,
2,06/09/2023 13:33:49,23.10,42.41,9.65,,,,
3,06/09/2023 13:33:59,23.09,44.16,10.25,,,,
4,06/09/2023 13:34:09,23.10,43.27,9.95,,,,
5,06/09/2023 13:34:19,23.12,42.72,9.78,,,,
6,06/09/2023 13:34:29,23.12,42.78,9.80,,,,
7,06/09/2023 13:34:39,23.12,42.63,9.75,,,,
8,06/09/2023 13:34:49,23.14,43.29,10.00,,,,
9,06/09/2023 13:34:59,23.13,42.75,9.80,,,,
10,06/09/2023 13:35:09,23.13,42.44,9.69,,,,
11,06/09/2023 13:35:19,23.14,42.34,9.67,,,,
12,06/09/2023 13:35:29,23.14,42.26,9.64,,,,
13,06/09/2023 13:35:39,23.13,42.28,9.63,,,,
14,06/09/2023 13:35:49,23.10,42.22,9.58,,,,
15,06/09/2023 13:35:59,23.13,42.26,9.63,,,,
16,06/09/2023 13:36:09,23.14,42.27,9.64,,,,
17,06/09/2023 13:36:19,23.11,42.23,9.60,,,,
18,06/09/2023 13:36:29,23.13,42.30,9.64,,,,
19,06/09/2023 13:36:39,23.13,42.25,9.62,,,,
20,06/09/2023 13:36:49,23.12,42.29,9.63,,,,
21,06/09/2023 13:36:59,23.13,42.23,9.62,,,,
22,06/09/2023 13:37:09,23.14,42.27,9.64,,,,
23,06/09/2023 13:37:19,23.12,42.30,9.63,,,,
24,06/09/2023 13:37:29,23.14,42.31,9.65,,,,
25,06/09/2023 13:37:39,23.13,42.36,9.66,,,,
26,06/09/2023 13:37:49,23.10,42.39,9.64,,,,
27,06/09/2023 13:37:59,23.12,42.36,9.65,,,,
28,06/09/2023 13:38:09,23.11,42.38,9.65,,,,
29,06/09/2023 13:38:19,23.08,42.36,9.61,,,,
30,06/09/2023 13:38:29,23.08,42.35,9.61,,,,
31,06/09/2023 13:38:39,23.10,42.57,9.71,,,,
32,06/09/2023 13:38:49,23.09,42.42,9.64,,,,
33,06/09/2023 13:38:59,23.10,42.43,9.66,,,,
34,06/09/2023 13:39:09,23.10,42.43,9.66,,,,
35,06/09/2023 13:39:19,23.11,42.42,9.66,,,,
36,06/09/2023 13:39:29,23.08,42.46,9.65,,,,
37,06/09/2023 13:39:39,23.07,42.67,9.71,,,,
38,06/09/2023 13:39:49,23.10,42.97,9.85,,,,
39,06/09/2023 13:39:59,23.11,43.06,9.88,,,,
40,06/09/2023 13:40:09,23.16,43.25,10.00,,,,
41,06/09/2023 13:40:19,23.14,43.32,10.00,,,,
42,06/09/2023 13:40:29,23.17,43.00,9.92,,,,
43,06/09/2023 13:40:39,23.20,42.74,9.85,,,,
44,06/09/2023 13:40:49,23.22,42.67,9.85,,,,
45,06/09/2023 13:40:59,23.22,42.74,9.87,,,,
46,06/09/2023 13:41:09,23.27,42.81,9.94,,,,
47,06/09/2023 13:41:19,23.28,43.01,10.03,,,,
48,06/09/2023 13:41:29,23.29,43.01,10.04,,,,
49,06/09/2023 13:41:39,23.34,42.93,10.04,,,,
50,06/09/2023 13:41:49,23.35,42.85,10.02,,,,
51,06/09/2023 13:41:59,23.40,43.00,10.13,,,,
52,06/09/2023 13:42:09,23.39,42.99,10.11,,,,
53,06/09/2023 13:42:19,23.40,42.63,10.00,,,,
54,06/09/2023 13:42:29,23.43,42.36,9.93,,,,
55,06/09/2023 13:42:39,23.47,42.24,9.93,,,,
56,06/09/2023 13:42:49,23.50,42.25,9.95,,,,
57,06/09/2023 13:42:59,23.50,42.81,10.15,,,,
58,06/09/2023 13:43:09,23.53,43.08,10.27,,,,
59,06/09/2023 13:43:19,23.54,43.00,10.25,,,,
60,06/09/2023 13:43:29,23.53,42.80,10.17,,,,
61,06/09/2023 13:43:39,23.56,42.91,10.24,,,,
62,06/09/2023 13:43:49,23.62,42.94,10.31,,,,
63,06/09/2023 13:43:59,23.59,42.64,10.17,,,,
64,06/09/2023 13:44:09,23.59,42.71,10.20,,,,
65,06/09/2023 13:44:19,23.62,42.96,10.32,,,,
66,06/09/2023 13:44:29,23.67,42.59,10.23,,,,
67,06/09/2023 13:44:39,23.67,42.17,10.08,,,,
68,06/09/2023 13:44:49,23.65,41.99,9.99,,,,
69,06/09/2023 13:44:59,23.67,41.84,9.96,,,,
70,06/09/2023 13:45:09,23.69,41.83,9.97,,,,
71,06/09/2023 13:45:19,23.72,41.71,9.96,,,,
72,06/09/2023 13:45:29,23.72,42.21,10.14,,,,
73,06/09/2023 13:45:39,23.73,42.07,10.10,,,,
74,06/09/2023 13:45:49,23.71,42.11,10.09,,,,
75,06/09/2023 13:45:59,23.74,42.14,10.13,,,,
76,06/09/2023 13:46:09,23.75,42.29,10.20,,,,
77,06/09/2023 13:46:19,23.75,42.08,10.12,,,,
78,06/09/2023 13:46:29,23.75,42.18,10.16,,,,
79,06/09/2023 13:46:39,23.77,42.04,10.13,,,,
80,06/09/2023 13:46:49,23.75,42.00,10.09,,,,
81,06/09/2023 13:46:59,23.77,42.05,10.13,,,,
82,06/09/2023 13:47:09,23.77,42.00,10.11,,,,
83,06/09/2023 13:47:19,23.81,42.87,10.45,,,,
84,06/09/2023 13:47:29,23.82,42.76,10.42,,,,
85,06/09/2023 13:47:39,23.85,41.97,10.17,,,,
86,06/09/2023 13:47:49,23.81,42.45,10.30,,,,
87,06/09/2023 13:47:59,23.85,41.94,10.16,,,,
88,06/09/2023 13:48:09,23.84,41.75,10.08,,,,
89,06/09/2023 13:48:19,23.84,41.98,10.16,,,,
90,06/09/2023 13:48:29,23.85,41.87,10.14,,,,
91,06/09/2023 13:48:39,23.85,42.15,10.23,,,,
92,06/09/2023 13:48:49,23.85,41.82,10.12,,,,
93,06/09/2023 13:48:59,23.87,41.61,10.06,,,,
94,06/09/2023 13:49:09,23.87,41.57,10.05,,,,
95,06/09/2023 13:49:19,23.85,41.46,9.99,,,,
96,06/09/2023 13:49:29,23.82,41.34,9.91,,,,
97,06/09/2023 13:49:39,23.82,41.41,9.94,,,,
98,06/09/2023 13:49:49,23.85,41.94,10.16,,,,
99,06/09/2023 13:49:59,23.81,41.55,9.98,,,,
100,06/09/2023 13:50:09,23.83,41.46,9.97,,,,
101,06/09/2023 13:50:19,23.82,41.48,9.97,,,,
102,06/09/2023 13:50:29,23.80,41.93,10.11,,,,
103,06/09/2023 13:50:39,23.77,42.09,10.14,,,,
104,06/09/2023 13:50:49,23.76,42.15,10.16,,,,
105,06/09/2023 13:50:59,23.81,42.10,10.18,,,,
106,06/09/2023 13:51:09,23.80,42.02,10.14,,,,
107,06/09/2023 13:51:19,23.79,42.23,10.20,,,,
108,06/09/2023 13:51:29,23.75,41.99,10.09,,,,
109,06/09/2023 13:51:39,23.77,41.94,10.09,,,,
110,06/09/2023 13:51:49,23.79,42.18,10.19,,,,
111,06/09/2023 13:51:59,23.75,42.37,10.22,,,,
112,06/09/2023 13:52:09,23.76,41.81,10.03,,,,
113,06/09/2023 13:52:19,23.77,42.15,10.17,,,,
114,06/09/2023 13:52:29,23.73,41.72,9.98,,,,
115,06/09/2023 13:52:39,23.75,42.01,10.10,,,,
116,06/09/2023 13:52:49,23.76,42.09,10.14,,,,
117,06/09/2023 13:52:59,23.73,41.75,9.99,,,,
118,06/09/2023 13:53:09,23.73,41.58,9.93,,,,
119,06/09/2023 13:53:19,23.74,41.50,9.90,,,,
120,06/09/2023 13:53:29,23.72,41.44,9.87,,,,
121,06/09/2023 13:53:39,23.70,41.73,9.95,,,,
122,06/09/2023 13:53:49,23.72,42.09,10.10,,,,
123,06/09/2023 13:53:59,23.75,41.43,9.89,,,,
124,06/09/2023 13:54:09,23.76,40.56,9.58,,,,
125,06/09/2023 13:54:19,23.80,39.97,9.39,,,,
126,06/09/2023 13:54:29,23.84,39.56,9.28,,,,
127,06/09/2023 13:54:39,23.86,39.36,9.22,,,,
128,06/09/2023 13:54:49,23.89,39.34,9.24,,,,
129,06/09/2023 13:54:59,23.91,38.55,8.96,,,,
130,06/09/2023 13:55:09,23.95,46.41,11.77,,,,
131,06/09/2023 13:55:19,24.00,45.74,11.60,,,,
132,06/09/2023 13:55:29,24.05,44.34,11.18,,,,
133,06/09/2023 13:55:39,24.09,47.52,12.26,,,,
134,06/09/2023 13:55:40,,,,Logged,,,
135,06/09/2023 13:55:46,,,,,Logged,,
136,06/09/2023 13:55:49,24.14,44.93,11.46,,,,
137,06/09/2023 13:55:55,,,,Logged,,,
138,06/09/2023 13:55:59,24.17,46.55,12.02,,,,
139,06/09/2023 13:56:09,24.24,46.59,12.09,,,,
140,06/09/2023 13:56:19,24.36,66.31,17.70,,,,
141,06/09/2023 13:56:29,24.50,76.96,20.22,,,,
142,06/09/2023 13:56:39,24.71,80.25,21.10,,,,
143,06/09/2023 13:56:49,24.82,64.93,17.79,,,,
144,06/09/2023 13:56:59,24.92,52.06,14.43,,,,
145,06/09/2023 13:57:09,25.00,49.47,13.71,,,,
146,06/09/2023 13:57:19,25.04,50.73,14.13,,,,
147,06/09/2023 13:57:29,25.14,48.67,13.58,,,,
148,06/09/2023 13:57:39,25.24,43.88,12.10,,,,
149,06/09/2023 13:57:49,25.36,42.31,11.65,,,,
150,06/09/2023 13:57:59,25.50,41.84,11.61,,,,
151,06/09/2023 13:58:09,25.66,41.31,11.56,,,,
152,06/09/2023 13:58:19,25.83,41.18,11.66,,,,
153,06/09/2023 13:58:29,26.01,40.78,11.67,,,,
154,06/09/2023 13:58:39,26.16,40.44,11.68,,,,
155,06/09/2023 13:58:49,26.32,40.16,11.72,,,,
156,06/09/2023 13:58:59,26.50,40.02,11.83,,,,
157,06/09/2023 13:59:09,26.67,39.76,11.88,,,,
158,06/09/2023 13:59:19,26.85,39.27,11.86,,,,
159,06/09/2023 13:59:29,27.04,38.62,11.77,,,,
160,06/09/2023 13:59:39,27.23,38.31,11.81,,,,
161,06/09/2023 13:59:49,27.38,37.80,11.75,,,,
162,06/09/2023 13:59:59,27.57,37.38,11.75,,,,
163,06/09/2023 14:00:09,27.74,36.80,11.66,,,,
164,06/09/2023 14:00:19,27.94,36.57,11.74,,,,
165,06/09/2023 14:00:29,28.09,36.40,11.80,,,,
166,06/09/2023 14:00:39,28.24,35.99,11.76,,,,
167,06/09/2023 14:00:49,28.43,35.98,11.92,,,,
168,06/09/2023 14:00:59,28.57,35.81,11.97,,,,
169,06/09/2023 14:01:09,28.70,35.71,12.05,,,,
170,06/09/2023 14:01:19,28.85,35.55,12.11,,,,
171,06/09/2023 14:01:29,29.00,35.61,12.27,,,,
172,06/09/2023 14:01:39,29.17,35.39,12.33,,,,
173,06/09/2023 14:01:49,29.27,35.18,12.32,,,,
174,06/09/2023 14:01:59,29.41,35.15,12.43,,,,
175,06/09/2023 14:02:09,29.54,35.03,12.50,,,,
176,06/09/2023 14:02:19,29.66,34.95,12.57,,,,
177,06/09/2023 14:02:29,29.80,34.71,12.59,,,,
178,06/09/2023 14:02:39,29.90,34.43,12.55,,,,
179,06/09/2023 14:02:49,30.04,34.64,12.76,,,,
180,06/09/2023 14:02:59,30.12,34.57,12.80,,,,
181,06/09/2023 14:03:09,30.23,34.45,12.84,,,,
182,06/09/2023 14:03:19,30.32,34.22,12.82,,,,
183,06/09/2023 14:03:29,30.36,34.00,12.75,,,,
184,06/09/2023 14:03:39,30.45,33.81,12.75,,,,
185,06/09/2023 14:03:49,30.51,33.75,12.78,,,,
186,06/09/2023 14:03:59,30.55,33.73,12.80,,,,
187,06/09/2023 14:04:09,30.65,33.79,12.92,,,,
188,06/09/2023 14:04:19,30.72,33.80,12.99,,,,
189,06/09/2023 14:04:29,30.76,33.61,12.93,,,,
190,06/09/2023 14:04:39,30.81,33.60,12.97,,,,
191,06/09/2023 14:04:49,30.84,33.65,13.02,,,,
192,06/09/2023 14:04:59,30.92,33.70,13.11,,,,
193,06/09/2023 14:05:09,30.97,33.76,13.18,,,,
194,06/09/2023 14:05:19,31.01,33.78,13.23,,,,
195,06/09/2023 14:05:29,31.07,33.70,13.24,,,,
196,06/09/2023 14:05:39,31.08,33.58,13.20,,,,
197,06/09/2023 14:05:49,31.19,33.46,13.23,,,,
198,06/09/2023 14:05:59,31.20,33.29,13.16,,,,
199,06/09/2023 14:06:09,31.26,33.15,13.16,,,,
200,06/09/2023 14:06:19,31.35,32.99,13.16,,,,
201,06/09/2023 14:06:29,31.37,32.84,13.11,,,,
202,06/09/2023 14:06:39,31.42,32.96,13.21,,,,
203,06/09/2023 14:06:49,31.48,32.91,13.23,,,,
204,06/09/2023 14:06:59,31.51,32.84,13.23,,,,
205,06/09/2023 14:07:09,31.57,32.83,13.28,,,,
206,06/09/2023 14:07:19,31.61,32.68,13.25,,,,
207,06/09/2023 14:07:29,31.67,32.60,13.25,,,,
208,06/09/2023 14:07:39,31.72,32.54,13.27,,,,
209,06/09/2023 14:07:49,31.76,32.56,13.32,,,,
210,06/09/2023 14:07:59,31.82,32.58,13.37,,,,
211,06/09/2023 14:08:09,31.85,32.53,13.38,,,,
212,06/09/2023 14:08:19,31.92,32.18,13.27,,,,
213,06/09/2023 14:08:29,31.95,32.20,13.31,,,,
214,06/09/2023 14:08:39,32.02,32.16,13.35,,,,
215,06/09/2023 14:08:49,32.07,32.18,13.40,,,,
216,06/09/2023 14:08:59,32.11,32.03,13.37,,,,
217,06/09/2023 14:09:09,32.16,32.02,13.41,,,,
218,06/09/2023 14:09:19,32.23,32.03,13.46,,,,
219,06/09/2023 14:09:29,32.25,32.12,13.53,,,,
220,06/09/2023 14:09:39,32.31,32.17,13.61,,,,
221,06/09/2023 14:09:49,32.38,32.23,13.69,,,,
222,06/09/2023 14:09:59,32.41,32.21,13.71,,,,
223,06/09/2023 14:10:09,32.49,32.18,13.77,,,,
224,06/09/2023 14:10:19,32.52,32.20,13.80,,,,
225,06/09/2023 14:10:29,32.57,32.16,13.83,,,,
226,06/09/2023 14:10:39,32.63,32.16,13.88,,,,
227,06/09/2023 14:10:49,32.69,32.09,13.90,,,,
228,06/09/2023 14:10:59,32.73,32.00,13.89,,,,
229,06/09/2023 14:11:09,32.78,31.90,13.89,,,,
230,06/09/2023 14:11:19,32.84,31.63,13.80,,,,
231,06/09/2023 14:11:29,32.85,31.24,13.62,,,,
232,06/09/2023 14:11:39,32.93,31.02,13.58,,,,
233,06/09/2023 14:11:49,32.97,30.94,13.58,,,,
234,06/09/2023 14:11:59,33.01,30.86,13.57,,,,
235,06/09/2023 14:12:09,33.09,30.77,13.60,,,,
236,06/09/2023 14:12:19,33.13,30.74,13.61,,,,
237,06/09/2023 14:12:29,33.16,30.61,13.57,,,,
238,06/09/2023 14:12:39,33.20,30.60,13.61,,,,
239,06/09/2023 14:12:49,33.25,30.45,13.57,,,,
240,06/09/2023 14:12:59,33.27,30.47,13.60,,,,
241,06/09/2023 14:13:09,33.31,30.64,13.72,,,,
242,06/09/2023 14:13:19,33.36,30.78,13.84,,,,
243,06/09/2023 14:13:29,33.41,30.89,13.93,,,,
244,06/09/2023 14:13:39,33.46,31.00,14.03,,,,
245,06/09/2023 14:13:49,33.50,30.96,14.05,,,,
246,06/09/2023 14:13:59,33.51,31.05,14.10,,,,
247,06/09/2023 14:14:09,33.58,30.92,14.09,,,,
248,06/09/2023 14:14:19,33.61,31.00,14.16,,,,
249,06/09/2023 14:14:29,33.63,31.06,14.21,,,,
250,06/09/2023 14:14:39,33.68,30.97,14.21,,,,
251,06/09/2023 14:14:49,33.72,30.96,14.23,,,,
252,06/09/2023 14:14:59,33.77,31.01,14.31,,,,
253,06/09/2023 14:15:09,33.82,31.23,14.46,,,,
254,06/09/2023 14:15:19,33.90,31.09,14.46,,,,
255,06/09/2023 14:15:29,33.91,31.19,14.51,,,,
256,06/09/2023 14:15:39,33.95,31.28,14.60,,,,
257,06/09/2023 14:15:49,33.97,31.23,14.59,,,,
258,06/09/2023 14:15:59,34.04,31.27,14.67,,,,
259,06/09/2023 14:16:09,34.06,31.26,14.68,,,,
260,06/09/2023 14:16:19,34.10,31.25,14.71,,,,
261,06/09/2023 14:16:29,34.15,31.31,14.78,,,,
262,06/09/2023 14:16:39,34.17,31.30,14.79,,,,
263,06/09/2023 14:16:49,34.20,31.29,14.81,,,,
264,06/09/2023 14:16:59,34.24,31.32,14.87,,,,
265,06/09/2023 14:17:09,34.24,31.30,14.85,,,,
266,06/09/2023 14:17:19,34.30,31.11,14.81,,,,
267,06/09/2023 14:17:29,34.36,30.72,14.67,,,,
268,06/09/2023 14:17:39,34.40,30.46,14.57,,,,
269,06/09/2023 14:17:49,34.42,30.54,14.63,,,,
270,06/09/2023 14:17:59,34.46,30.51,14.65,,,,
271,06/09/2023 14:18:09,34.50,30.44,14.65,,,,
272,06/09/2023 14:18:19,34.50,30.53,14.69,,,,
273,06/09/2023 14:18:29,34.55,30.48,14.71,,,,
274,06/09/2023 14:18:39,34.57,30.31,14.64,,,,
275,06/09/2023 14:18:49,34.60,30.25,14.63,,,,
276,06/09/2023 14:18:59,34.64,30.04,14.56,,,,
277,06/09/2023 14:19:09,34.69,29.98,14.58,,,,
278,06/09/2023 14:19:19,34.70,29.94,14.56,,,,
279,06/09/2023 14:19:29,34.76,29.99,14.63,,,,
280,06/09/2023 14:19:39,34.78,29.87,14.59,,,,
281,06/09/2023 14:19:49,34.79,29.79,14.56,,,,
282,06/09/2023 14:19:59,34.83,29.93,14.67,,,,
283,06/09/2023 14:20:09,34.86,29.98,14.72,,,,
284,06/09/2023 14:20:19,34.89,30.01,14.76,,,,
285,06/09/2023 14:20:29,34.89,30.05,14.78,,,,
286,06/09/2023 14:20:39,34.93,29.90,14.73,,,,
287,06/09/2023 14:20:49,34.96,29.93,14.78,,,,
288,06/09/2023 14:20:59,34.99,29.92,14.80,,,,
289,06/09/2023 14:21:09,35.01,29.95,14.83,,,,
290,06/09/2023 14:21:19,35.05,29.77,14.77,,,,
291,06/09/2023 14:21:29,35.07,29.79,14.80,,,,
292,06/09/2023 14:21:39,35.08,29.77,14.80,,,,
293,06/09/2023 14:21:49,35.14,29.66,14.80,,,,
294,06/09/2023 14:21:59,35.12,29.16,14.51,,,,
295,06/09/2023 14:22:09,35.16,29.07,14.50,,,,
296,06/09/2023 14:22:19,35.19,28.92,14.44,,,,
297,06/09/2023 14:22:29,35.22,28.88,14.44,,,,
298,06/09/2023 14:22:39,35.26,28.82,14.45,,,,
299,06/09/2023 14:22:49,35.26,28.85,14.46,,,,
300,06/09/2023 14:22:59,35.26,28.91,14.50,,,,
301,06/09/2023 14:23:09,35.33,28.90,14.55,,,,
302,06/09/2023 14:23:19,35.34,28.83,14.52,,,,
303,06/09/2023 14:23:29,35.38,28.69,14.48,,,,
304,06/09/2023 14:23:39,35.36,28.75,14.50,,,,
305,06/09/2023 14:23:49,35.40,28.80,14.56,,,,
306,06/09/2023 14:23:59,35.44,28.88,14.64,,,,
307,06/09/2023 14:24:09,35.41,28.91,14.63,,,,
308,06/09/2023 14:24:19,35.44,28.88,14.64,,,,
309,06/09/2023 14:24:29,35.48,28.76,14.60,,,,
310,06/09/2023 14:24:39,35.51,28.71,14.60,,,,
311,06/09/2023 14:24:49,35.53,28.47,14.49,,,,
312,06/09/2023 14:24:59,35.55,28.47,14.51,,,,
313,06/09/2023 14:25:09,35.56,28.40,14.48,,,,
314,06/09/2023 14:25:19,35.58,28.41,14.51,,,,
315,06/09/2023 14:25:29,35.58,28.51,14.56,,,,
316,06/09/2023 14:25:39,35.60,28.31,14.47,,,,
317,06/09/2023 14:25:49,35.64,28.50,14.59,,,,
318,06/09/2023 14:25:59,35.69,28.65,14.73,,,,
319,06/09/2023 14:26:09,35.69,28.63,14.72,,,,
320,06/09/2023 14:26:19,35.70,28.64,14.73,,,,
321,06/09/2023 14:26:29,35.70,28.68,14.75,,,,
322,06/09/2023 14:26:39,35.73,28.60,14.73,,,,
323,06/09/2023 14:26:49,35.75,28.61,14.76,,,,
324,06/09/2023 14:26:59,35.78,28.43,14.68,,,,
325,06/09/2023 14:27:09,35.78,28.46,14.69,,,,
326,06/09/2023 14:27:19,35.81,28.20,14.58,,,,
327,06/09/2023 14:27:29,35.83,28.23,14.62,,,,
328,06/09/2023 14:27:39,35.84,28.04,14.52,,,,
329,06/09/2023 14:27:49,35.85,28.18,14.60,,,,
330,06/09/2023 14:27:59,35.90,28.13,14.62,,,,
331,06/09/2023 14:28:09,35.88,28.02,14.55,,,,
332,06/09/2023 14:28:19,35.93,28.05,14.60,,,,
333,06/09/2023 14:28:29,35.92,28.03,14.57,,,,
334,06/09/2023 14:28:39,35.98,28.10,14.67,,,,
335,06/09/2023 14:28:49,35.98,28.15,14.70,,,,
336,06/09/2023 14:28:59,35.99,28.15,14.71,,,,
337,06/09/2023 14:29:09,36.02,28.20,14.76,,,,
338,06/09/2023 14:29:19,36.07,28.19,14.79,,,,
339,06/09/2023 14:29:29,36.03,28.16,14.75,,,,
340,06/09/2023 14:29:39,36.10,28.22,14.84,,,,
341,06/09/2023 14:29:49,36.08,28.22,14.82,,,,
342,06/09/2023 14:29:59,36.09,28.32,14.88,,,,
343,06/09/2023 14:30:09,36.11,28.38,14.93,,,,
344,06/09/2023 14:30:19,36.15,28.49,15.03,,,,
345,06/09/2023 14:30:29,36.14,28.47,15.01,,,,
346,06/09/2023 14:30:39,36.15,28.55,15.06,,,,
347,06/09/2023 14:30:49,36.19,28.66,15.16,,,,
348,06/09/2023 14:30:59,36.19,28.77,15.22,,,,
349,06/09/2023 14:31:09,36.19,28.74,15.20,,,,
350,06/09/2023 14:31:19,36.22,28.72,15.21,,,,
351,06/09/2023 14:31:29,36.23,28.82,15.27,,,,
352,06/09/2023 14:31:39,36.26,28.85,15.32,,,,
353,06/09/2023 14:31:49,36.27,28.88,15.34,,,,
354,06/09/2023 14:31:59,36.26,28.90,15.34,,,,
355,06/09/2023 14:32:09,36.30,28.97,15.42,,,,
356,06/09/2023 14:32:19,36.31,28.53,15.19,,,,
357,06/09/2023 14:32:29,36.37,28.27,15.09,,,,
358,06/09/2023 14:32:39,36.37,28.06,14.98,,,,
359,06/09/2023 14:32:49,36.39,28.15,15.04,,,,
360,06/09/2023 14:32:59,36.37,27.94,14.91,,,,
361,06/09/2023 14:33:09,36.39,28.08,15.01,,,,
362,06/09/2023 14:33:19,36.39,28.00,14.96,,,,
363,06/09/2023 14:33:29,36.41,28.14,15.06,,,,
364,06/09/2023 14:33:39,36.41,28.09,15.03,,,,
365,06/09/2023 14:33:49,36.42,28.15,15.07,,,,
366,06/09/2023 14:33:59,36.45,28.20,15.13,,,,
367,06/09/2023 14:34:09,36.47,28.16,15.12,,,,
368,06/09/2023 14:34:19,36.45,27.93,14.98,,,,
369,06/09/2023 14:34:29,36.47,27.91,14.99,,,,
370,06/09/2023 14:34:39,36.48,27.75,14.90,,,,
371,06/09/2023 14:34:49,36.51,27.82,14.96,,,,
372,06/09/2023 14:34:59,36.51,27.78,14.94,,,,
373,06/09/2023 14:35:09,36.53,27.61,14.86,,,,
374,06/09/2023 14:35:19,36.53,27.67,14.90,,,,
375,06/09/2023 14:35:29,36.55,27.56,14.85,,,,
376,06/09/2023 14:35:39,36.57,27.41,14.79,,,,
377,06/09/2023 14:35:49,36.56,27.28,14.70,,,,
378,06/09/2023 14:35:59,36.57,27.35,14.75,,,,
379,06/09/2023 14:36:09,36.60,27.48,14.85,,,,
380,06/09/2023 14:36:19,36.60,27.44,14.83,,,,
381,06/09/2023 14:36:29,36.62,27.43,14.84,,,,
382,06/09/2023 14:36:39,36.62,27.45,14.85,,,,
383,06/09/2023 14:36:49,36.66,27.36,14.83,,,,
384,06/09/2023 14:36:59,36.67,27.00,14.64,,,,
385,06/09/2023 14:37:09,36.69,26.81,14.54,,,,
386,06/09/2023 14:37:19,36.71,26.53,14.40,,,,
387,06/09/2023 14:37:29,36.72,26.18,14.20,,,,
388,06/09/2023 14:37:39,36.76,26.17,14.23,,,,
389,06/09/2023 14:37:49,36.76,26.16,14.23,,,,
390,06/09/2023 14:37:59,36.76,26.26,14.28,,,,
391,06/09/2023 14:38:09,36.80,26.41,14.40,,,,
392,06/09/2023 14:38:19,36.77,26.57,14.47,,,,
393,06/09/2023 14:38:29,36.82,26.63,14.55,,,,
394,06/09/2023 14:38:39,36.82,26.63,14.55,,,,
395,06/09/2023 14:38:49,36.84,26.62,14.56,,,,
396,06/09/2023 14:38:59,36.88,26.57,14.57,,,,
397,06/09/2023 14:39:09,36.90,26.56,14.58,,,,
398,06/09/2023 14:39:19,36.90,26.41,14.49,,,,
399,06/09/2023 14:39:29,36.92,26.35,14.47,,,,
400,06/09/2023 14:39:39,36.92,26.41,14.51,,,,
401,06/09/2023 14:39:49,36.97,26.38,14.53,,,,
402,06/09/2023 14:39:59,36.96,26.39,14.53,,,,
403,06/09/2023 14:40:09,36.97,26.52,14.61,,,,
404,06/09/2023 14:40:19,36.99,26.41,14.57,,,,
405,06/09/2023 14:40:29,37.01,26.52,14.64,,,,
406,06/09/2023 14:40:39,37.03,26.54,14.67,,,,
407,06/09/2023 14:40:49,37.06,26.45,14.65,,,,
408,06/09/2023 14:40:59,37.06,26.49,14.67,,,,
409,06/09/2023 14:41:09,37.08,26.49,14.69,,,,
410,06/09/2023 14:41:19,37.07,26.45,14.66,,,,
411,06/09/2023 14:41:29,37.10,26.42,14.66,,,,
412,06/09/2023 14:41:39,37.14,26.40,14.69,,,,
413,06/09/2023 14:41:49,37.15,26.50,14.75,,,,
414,06/09/2023 14:41:59,37.16,26.61,14.83,,,,
415,06/09/2023 14:42:09,37.18,26.58,14.82,,,,
416,06/09/2023 14:42:19,37.19,26.64,14.87,,,,
417,06/09/2023 14:42:29,37.19,26.62,14.86,,,,
418,06/09/2023 14:42:39,37.19,26.69,14.90,,,,
419,06/09/2023 14:42:49,37.21,26.58,14.85,,,,
420,06/09/2023 14:42:59,37.22,26.45,14.78,,,,
421,06/09/2023 14:43:09,37.25,26.35,14.75,,,,
422,06/09/2023 14:43:19,37.26,26.29,14.72,,,,
423,06/09/2023 14:43:29,37.30,25.97,14.56,,,,
424,06/09/2023 14:43:39,37.29,25.66,14.37,,,,
425,06/09/2023 14:43:49,37.31,25.48,14.28,,,,
426,06/09/2023 14:43:59,37.34,25.23,14.16,,,,
427,06/09/2023 14:44:09,37.33,25.19,14.12,,,,
428,06/09/2023 14:44:19,37.33,25.10,14.06,,,,
429,06/09/2023 14:44:29,37.38,25.04,14.07,,,,
430,06/09/2023 14:44:39,37.35,24.93,13.98,,,,
431,06/09/2023 14:44:49,37.40,24.88,13.98,,,,
432,06/09/2023 14:44:59,37.38,24.93,14.01,,,,
433,06/09/2023 14:45:09,37.40,25.01,14.06,,,,
434,06/09/2023 14:45:19,37.42,25.09,14.13,,,,
435,06/09/2023 14:45:29,37.42,25.04,14.10,,,,
436,06/09/2023 14:45:39,37.45,25.18,14.21,,,,
437,06/09/2023 14:45:49,37.43,25.13,14.17,,,,
438,06/09/2023 14:45:59,37.44,25.18,14.21,,,,
439,06/09/2023 14:46:09,37.45,25.16,14.20,,,,
440,06/09/2023 14:46:19,37.47,25.18,14.23,,,,
441,06/09/2023 14:46:29,37.49,25.22,14.27,,,,
442,06/09/2023 14:46:39,37.49,25.12,14.21,,,,
443,06/09/2023 14:46:49,37.50,25.28,14.32,,,,
444,06/09/2023 14:46:59,37.49,25.32,14.34,,,,
445,06/09/2023 14:47:09,37.52,25.34,14.38,,,,
446,06/09/2023 14:47:19,37.55,25.39,14.42,,,,
447,06/09/2023 14:47:29,37.55,25.36,14.40,,,,
448,06/09/2023 14:47:39,37.57,25.43,14.47,,,,
449,06/09/2023 14:47:49,37.56,25.36,14.41,,,,
450,06/09/2023 14:47:59,37.57,25.53,14.53,,,,
451,06/09/2023 14:48:09,37.59,25.48,14.52,,,,
452,06/09/2023 14:48:19,37.63,25.54,14.59,,,,
453,06/09/2023 14:48:29,37.61,25.59,14.60,,,,
454,06/09/2023 14:48:39,37.61,25.53,14.56,,,,
455,06/09/2023 14:48:49,37.61,25.52,14.55,,,,
456,06/09/2023 14:48:59,37.63,25.25,14.41,,,,
457,06/09/2023 14:49:09,37.65,25.25,14.43,,,,
458,06/09/2023 14:49:19,37.65,25.01,14.28,,,,
459,06/09/2023 14:49:29,37.63,25.01,14.26,,,,
460,06/09/2023 14:49:39,37.67,25.10,14.36,,,,
461,06/09/2023 14:49:49,37.65,25.10,14.34,,,,
462,06/09/2023 14:49:59,37.66,25.26,14.44,,,,
463,06/09/2023 14:50:09,37.67,25.30,14.48,,,,
464,06/09/2023 14:50:19,37.67,25.40,14.54,,,,
465,06/09/2023 14:50:29,37.69,25.46,14.58,,,,
466,06/09/2023 14:50:39,37.67,25.40,14.54,,,,
467,06/09/2023 14:50:49,37.69,25.58,14.66,,,,
468,06/09/2023 14:50:59,37.67,25.51,14.60,,,,
469,06/09/2023 14:51:09,37.71,25.44,14.59,,,,
470,06/09/2023 14:51:19,37.73,25.38,14.57,,,,
471,06/09/2023 14:51:29,37.73,25.48,14.63,,,,
472,06/09/2023 14:51:39,37.72,25.55,14.66,,,,
473,06/09/2023 14:51:49,37.73,25.46,14.62,,,,
474,06/09/2023 14:51:59,37.73,25.37,14.56,,,,
475,06/09/2023 14:52:09,37.77,25.29,14.55,,,,
476,06/09/2023 14:52:19,37.73,25.34,14.54,,,,
477,06/09/2023 14:52:29,37.77,25.26,14.53,,,,
478,06/09/2023 14:52:39,37.75,25.34,14.56,,,,
479,06/09/2023 14:52:49,37.79,25.31,14.58,,,,
480,06/09/2023 14:52:59,37.76,25.10,14.42,,,,
481,06/09/2023 14:53:09,37.84,25.10,14.49,,,,
482,06/09/2023 14:53:19,37.84,25.17,14.53,,,,
483,06/09/2023 14:53:29,37.79,24.99,14.38,,,,
484,06/09/2023 14:53:39,37.85,25.00,14.44,,,,
485,06/09/2023 14:53:49,37.86,24.98,14.43,,,,
486,06/09/2023 14:53:59,37.89,24.95,14.44,,,,
487,06/09/2023 14:54:09,37.88,24.85,14.37,,,,
488,06/09/2023 14:54:19,37.90,24.67,14.27,,,,
489,06/09/2023 14:54:29,37.90,24.59,14.23,,,,
490,06/09/2023 14:54:39,37.91,24.55,14.21,,,,
491,06/09/2023 14:54:49,37.92,24.49,14.18,,,,
492,06/09/2023 14:54:59,37.93,24.44,14.16,,,,
493,06/09/2023 14:55:09,37.96,24.43,14.18,,,,
494,06/09/2023 14:55:19,37.93,24.40,14.13,,,,
495,06/09/2023 14:55:29,37.96,24.52,14.24,,,,
496,06/09/2023 14:55:39,37.99,24.51,14.24,,,,
497,06/09/2023 14:55:49,38.01,24.44,14.22,,,,
498,06/09/2023 14:55:59,38.03,24.31,14.15,,,,
499,06/09/2023 14:56:09,38.01,24.22,14.08,,,,
500,06/09/2023 14:56:19,38.01,24.30,14.13,,,,
501,06/09/2023 14:56:29,38.03,24.42,14.22,,,,
502,06/09/2023 14:56:39,38.07,24.34,14.21,,,,
503,06/09/2023 14:56:49,38.05,24.31,14.17,,,,
504,06/09/2023 14:56:59,38.08,24.03,14.02,,,,
505,06/09/2023 14:57:09,38.06,24.23,14.13,,,,
506,06/09/2023 14:57:19,38.10,24.16,14.12,,,,
507,06/09/2023 14:57:29,38.10,24.03,14.04,,,,
508,06/09/2023 14:57:39,38.12,23.97,14.02,,,,
509,06/09/2023 14:57:49,38.16,23.98,14.05,,,,
510,06/09/2023 14:57:59,38.16,24.08,14.12,,,,
511,06/09/2023 14:58:09,38.16,24.02,14.08,,,,
512,06/09/2023 14:58:19,38.19,23.95,14.06,,,,
513,06/09/2023 14:58:29,38.18,23.91,14.02,,,,
514,06/09/2023 14:58:39,38.21,23.91,14.05,,,,
515,06/09/2023 14:58:49,38.23,23.96,14.10,,,,
516,06/09/2023 14:58:59,38.23,23.78,13.98,,,,
517,06/09/2023 14:59:09,38.26,23.70,13.96,,,,
518,06/09/2023 14:59:19,38.25,23.86,14.06,,,,
519,06/09/2023 14:59:29,38.30,23.81,14.06,,,,
520,06/09/2023 14:59:39,38.30,23.65,13.95,,,,
521,06/09/2023 14:59:49,38.30,23.88,14.10,,,,
522,06/09/2023 14:59:59,38.31,23.80,14.06,,,,
523,06/09/2023 15:00:09,38.33,23.88,14.13,,,,
524,06/09/2023 15:00:19,38.31,23.83,14.08,,,,
525,06/09/2023 15:00:29,38.33,23.68,14.00,,,,
526,06/09/2023 15:00:39,38.37,23.68,14.04,,,,
527,06/09/2023 15:00:49,38.37,23.45,13.89,,,,
528,06/09/2023 15:00:59,38.37,23.16,13.69,,,,
529,06/09/2023 15:01:09,38.39,23.19,13.73,,,,
530,06/09/2023 15:01:19,38.37,23.21,13.73,,,,
531,06/09/2023 15:01:29,38.39,23.26,13.78,,,,
532,06/09/2023 15:01:39,38.41,23.19,13.75,,,,
533,06/09/2023 15:01:49,38.43,23.21,13.77,,,,
534,06/09/2023 15:01:59,38.45,23.26,13.82,,,,
535,06/09/2023 15:02:09,38.47,23.30,13.86,,,,
536,06/09/2023 15:02:19,38.41,23.31,13.83,,,,
537,06/09/2023 15:02:29,38.48,23.34,13.90,,,,
538,06/09/2023 15:02:39,38.47,23.33,13.88,,,,
539,06/09/2023 15:02:49,38.50,23.28,13.88,,,,
540,06/09/2023 15:02:59,38.50,23.34,13.92,,,,
541,06/09/2023 15:03:09,38.50,23.27,13.87,,,,
542,06/09/2023 15:03:19,38.51,23.23,13.86,,,,
543,06/09/2023 15:03:29,38.53,23.08,13.77,,,,
544,06/09/2023 15:03:39,38.53,23.16,13.83,,,,
545,06/09/2023 15:03:49,38.52,23.03,13.73,,,,
546,06/09/2023 15:03:59,38.51,22.89,13.62,,,,
547,06/09/2023 15:04:09,38.53,23.02,13.73,,,,
548,06/09/2023 15:04:19,38.56,23.03,13.77,,,,
549,06/09/2023 15:04:29,38.55,23.05,13.77,,,,
550,06/09/2023 15:04:39,38.56,22.95,13.71,,,,
551,06/09/2023 15:04:49,38.58,23.04,13.78,,,,
552,06/09/2023 15:04:59,38.58,23.10,13.82,,,,
553,06/09/2023 15:05:09,38.56,23.17,13.86,,,,
554,06/09/2023 15:05:19,38.58,23.09,13.81,,,,
555,06/09/2023 15:05:29,38.59,23.14,13.86,,,,
556,06/09/2023 15:05:39,38.63,23.02,13.81,,,,
557,06/09/2023 15:05:49,38.63,23.07,13.85,,,,
558,06/09/2023 15:05:59,38.58,23.02,13.77,,,,
559,06/09/2023 15:06:09,38.62,23.10,13.86,,,,
560,06/09/2023 15:06:19,38.62,22.98,13.77,,,,
561,06/09/2023 15:06:29,38.62,22.91,13.73,,,,
562,06/09/2023 15:06:39,38.60,23.01,13.78,,,,
563,06/09/2023 15:06:49,38.64,22.99,13.80,,,,
564,06/09/2023 15:06:59,38.67,23.04,13.86,,,,
565,06/09/2023 15:07:09,38.64,22.61,13.55,,,,
566,06/09/2023 15:07:19,38.63,22.81,13.67,,,,
567,06/09/2023 15:07:29,38.68,22.81,13.72,,,,
568,06/09/2023 15:07:39,38.68,22.84,13.74,,,,
569,06/09/2023 15:07:49,38.66,22.89,13.76,,,,
570,06/09/2023 15:07:59,38.68,22.80,13.71,,,,
571,06/09/2023 15:08:09,38.70,22.96,13.84,,,,
572,06/09/2023 15:08:19,38.68,22.99,13.84,,,,
573,06/09/2023 15:08:29,38.71,23.03,13.89,,,,
574,06/09/2023 15:08:39,38.74,22.86,13.80,,,,
575,06/09/2023 15:08:49,38.73,22.95,13.84,,,,
576,06/09/2023 15:08:59,38.71,23.03,13.89,,,,
577,06/09/2023 15:09:09,38.74,23.06,13.93,,,,
578,06/09/2023 15:09:19,38.76,23.06,13.95,,,,
579,06/09/2023 15:09:29,38.75,22.98,13.89,,,,
580,06/09/2023 15:09:39,38.78,22.80,13.79,,,,
581,06/09/2023 15:09:49,38.76,22.92,13.85,,,,
582,06/09/2023 15:09:59,38.78,23.03,13.95,,,,
583,06/09/2023 15:10:09,38.77,23.00,13.92,,,,
584,06/09/2023 15:10:19,38.81,23.03,13.97,,,,
585,06/09/2023 15:10:29,38.79,23.03,13.96,,,,
586,06/09/2023 15:10:39,38.80,23.12,14.02,,,,
587,06/09/2023 15:10:49,38.83,23.07,14.01,,,,
588,06/09/2023 15:10:59,38.84,23.05,14.01,,,,
589,06/09/2023 15:11:09,38.84,23.07,14.02,,,,
590,06/09/2023 15:11:19,38.83,23.07,14.01,,,,
591,06/09/2023 15:11:29,38.86,23.20,14.13,,,,
592,06/09/2023 15:11:39,38.90,22.94,13.98,,,,
593,06/09/2023 15:11:49,38.89,23.07,14.06,,,,
594,06/09/2023 15:11:59,38.90,23.04,14.05,,,,
595,06/09/2023 15:12:09,38.91,22.89,13.96,,,,
596,06/09/2023 15:12:19,38.92,23.01,14.04,,,,
597,06/09/2023 15:12:29,38.93,22.88,13.97,,,,
598,06/09/2023 15:12:39,38.94,22.81,13.93,,,,
599,06/09/2023 15:12:49,38.94,22.83,13.94,,,,
600,06/09/2023 15:12:59,38.95,22.91,14.01,,,,
601,06/09/2023 15:13:09,38.97,22.94,14.05,,,,
602,06/09/2023 15:13:19,38.96,22.96,14.05,,,,
603,06/09/2023 15:13:29,38.99,23.03,14.12,,,,
604,06/09/2023 15:13:39,38.98,23.11,14.17,,,,
605,06/09/2023 15:13:49,39.00,23.11,14.19,,,,
606,06/09/2023 15:13:59,39.00,23.15,14.21,,,,
607,06/09/2023 15:14:09,39.05,23.13,14.23,,,,
608,06/09/2023 15:14:19,39.03,23.16,14.24,,,,
609,06/09/2023 15:14:29,39.05,23.13,14.23,,,,
610,06/09/2023 15:14:39,39.06,23.02,14.17,,,,
611,06/09/2023 15:14:49,39.06,23.15,14.26,,,,
612,06/09/2023 15:14:59,39.10,23.17,14.30,,,,
613,06/09/2023 15:15:09,39.08,23.20,14.31,,,,
614,06/09/2023 15:15:19,39.11,23.21,14.34,,,,
615,06/09/2023 15:15:29,39.11,22.94,14.16,,,,
616,06/09/2023 15:15:39,39.10,22.94,14.15,,,,
617,06/09/2023 15:15:49,39.11,22.72,14.01,,,,
618,06/09/2023 15:15:59,39.14,22.60,13.96,,,,
619,06/09/2023 15:16:09,39.11,22.72,14.01,,,,
620,06/09/2023 15:16:19,39.15,22.79,14.10,,,,
621,06/09/2023 15:16:29,39.15,22.82,14.12,,,,
622,06/09/2023 15:16:39,39.12,22.76,14.04,,,,
623,06/09/2023 15:16:49,39.10,22.76,14.03,,,,
624,06/09/2023 15:16:59,39.15,22.99,14.23,,,,
625,06/09/2023 15:17:09,39.13,23.02,14.23,,,,
626,06/09/2023 15:17:19,39.11,23.07,14.25,,,,
627,06/09/2023 15:17:29,39.14,23.10,14.30,,,,
628,06/09/2023 15:17:39,39.14,23.10,14.30,,,,
629,06/09/2023 15:17:49,39.15,23.12,14.32,,,,
630,06/09/2023 15:17:59,39.14,22.95,14.20,,,,
631,06/09/2023 15:18:09,39.12,23.02,14.22,,,,
632,06/09/2023 15:18:19,39.13,23.02,14.23,,,,
633,06/09/2023 15:18:29,39.13,23.12,14.30,,,,
634,06/09/2023 15:18:39,39.13,23.09,14.28,,,,
635,06/09/2023 15:18:49,39.12,23.16,14.31,,,,
636,06/09/2023 15:18:59,39.14,23.19,14.35,,,,
637,06/09/2023 15:19:09,39.13,23.17,14.33,,,,
638,06/09/2023 15:19:19,39.13,23.07,14.26,,,,
639,06/09/2023 15:19:29,39.13,23.17,14.33,,,,
640,06/09/2023 15:19:39,39.13,23.16,14.32,,,,
641,06/09/2023 15:19:49,39.13,23.22,14.36,,,,
642,06/09/2023 15:19:59,39.13,23.22,14.36,,,,
643,06/09/2023 15:20:09,39.14,23.20,14.36,,,,
644,06/09/2023 15:20:19,39.13,22.97,14.20,,,,
645,06/09/2023 15:20:29,39.13,22.51,13.88,,,,
646,06/09/2023 15:20:39,39.10,22.41,13.79,,,,
647,06/09/2023 15:20:49,39.12,22.14,13.62,,,,
648,06/09/2023 15:20:59,39.13,21.98,13.52,,,,
649,06/09/2023 15:21:09,39.13,21.88,13.45,,,,
650,06/09/2023 15:21:19,39.10,21.91,13.44,,,,
651,06/09/2023 15:21:29,39.10,21.88,13.42,,,,
652,06/09/2023 15:21:39,39.08,21.83,13.37,,,,
653,06/09/2023 15:21:49,39.12,21.76,13.36,,,,
654,06/09/2023 15:21:59,39.10,21.80,13.36,,,,
655,06/09/2023 15:22:09,39.10,21.88,13.42,,,,
656,06/09/2023 15:22:19,39.09,22.02,13.51,,,,
657,06/09/2023 15:22:29,39.06,22.02,13.49,,,,
658,06/09/2023 15:22:39,39.06,22.09,13.53,,,,
659,06/09/2023 15:22:49,39.05,22.35,13.71,,,,
660,06/09/2023 15:22:59,39.06,22.34,13.70,,,,
661,06/09/2023 15:23:09,39.03,22.39,13.71,,,,
662,06/09/2023 15:23:19,39.04,22.44,13.76,,,,
663,06/09/2023 15:23:29,39.06,22.44,13.77,,,,
664,06/09/2023 15:23:39,39.04,22.14,13.55,,,,
665,06/09/2023 15:23:49,39.04,21.97,13.43,,,,
666,06/09/2023 15:23:59,38.99,22.04,13.44,,,,
667,06/09/2023 15:24:09,39.00,21.99,13.42,,,,
668,06/09/2023 15:24:19,38.95,22.12,13.47,,,,
669,06/09/2023 15:24:29,39.00,22.24,13.59,,,,
670,06/09/2023 15:24:39,39.00,22.20,13.57,,,,
671,06/09/2023 15:24:49,38.98,22.40,13.69,,,,
672,06/09/2023 15:24:59,38.98,22.15,13.51,,,,
673,06/09/2023 15:25:09,38.98,22.32,13.63,,,,
674,06/09/2023 15:25:19,38.97,22.38,13.67,,,,
675,06/09/2023 15:25:29,38.97,22.20,13.54,,,,
676,06/09/2023 15:25:39,38.98,22.20,13.55,,,,
677,06/09/2023 15:25:49,38.96,22.23,13.55,,,,
678,06/09/2023 15:25:59,38.94,22.12,13.45,,,,
679,06/09/2023 15:26:09,38.94,22.03,13.40,,,,
680,06/09/2023 15:26:19,38.93,21.99,13.35,,,,
681,06/09/2023 15:26:29,38.95,21.95,13.35,,,,
682,06/09/2023 15:26:39,38.93,21.87,13.27,,,,
683,06/09/2023 15:26:49,38.94,21.86,13.28,,,,
684,06/09/2023 15:26:59,38.93,21.84,13.25,,,,
685,06/09/2023 15:27:09,38.93,21.67,13.13,,,,
686,06/09/2023 15:27:19,38.91,21.48,12.98,,,,
687,06/09/2023 15:27:29,38.92,21.65,13.11,,,,
688,06/09/2023 15:27:39,38.94,21.55,13.06,,,,
689,06/09/2023 15:27:49,38.93,21.57,13.06,,,,
690,06/09/2023 15:27:59,38.91,21.55,13.03,,,,
691,06/09/2023 15:28:09,38.91,21.44,12.95,,,,
692,06/09/2023 15:28:19,38.92,21.49,12.99,,,,
693,06/09/2023 15:28:29,38.92,21.57,13.05,,,,
694,06/09/2023 15:28:39,38.93,21.60,13.08,,,,
695,06/09/2023 15:28:49,38.92,21.55,13.04,,,,
696,06/09/2023 15:28:59,38.92,21.30,12.86,,,,
697,06/09/2023 15:29:09,38.91,21.47,12.97,,,,
698,06/09/2023 15:29:19,38.90,21.25,12.81,,,,
699,06/09/2023 15:29:29,38.91,21.17,12.76,,,,
700,06/09/2023 15:29:39,38.92,21.21,12.79,,,,
701,06/09/2023 15:29:49,38.90,21.32,12.86,,,,
702,06/09/2023 15:29:59,38.92,21.43,12.96,,,,
703,06/09/2023 15:30:09,38.89,21.57,13.02,,,,
704,06/09/2023 15:30:19,38.89,21.71,13.13,,,,
705,06/09/2023 15:30:29,38.89,21.48,12.97,,,,
706,06/09/2023 15:30:39,38.89,21.35,12.87,,,,
707,06/09/2023 15:30:49,38.89,20.97,12.60,,,,
708,06/09/2023 15:30:59,38.88,20.92,12.55,,,,
709,06/09/2023 15:31:09,38.89,20.87,12.52,,,,
710,06/09/2023 15:31:19,38.86,20.87,12.50,,,,
711,06/09/2023 15:31:29,38.86,20.89,12.52,,,,
712,06/09/2023 15:31:39,38.85,20.80,12.45,,,,
713,06/09/2023 15:31:49,38.82,20.99,12.55,,,,
714,06/09/2023 15:31:59,38.85,21.02,12.61,,,,
715,06/09/2023 15:32:09,38.83,21.04,12.60,,,,
716,06/09/2023 15:32:19,38.86,21.07,12.65,,,,
717,06/09/2023 15:32:29,38.85,21.00,12.59,,,,
718,06/09/2023 15:32:39,38.88,21.15,12.72,,,,
719,06/09/2023 15:32:49,38.85,21.30,12.81,,,,
720,06/09/2023 15:32:59,38.85,21.47,12.93,,,,
721,06/09/2023 15:33:09,38.81,21.55,12.95,,,,
722,06/09/2023 15:33:19,38.83,21.45,12.90,,,,
723,06/09/2023 15:33:29,38.82,21.41,12.86,,,,
724,06/09/2023 15:33:39,38.82,21.41,12.86,,,,
725,06/09/2023 15:33:49,38.81,21.52,12.93,,,,
726,06/09/2023 15:33:59,38.81,21.55,12.95,,,,
727,06/09/2023 15:34:09,38.83,21.38,12.85,,,,
728,06/09/2023 15:34:19,38.82,21.28,12.77,,,,
729,06/09/2023 15:34:29,38.80,21.37,12.81,,,,
730,06/09/2023 15:34:39,38.82,21.10,12.64,,,,
731,06/09/2023 15:34:49,38.82,21.03,12.59,,,,
732,06/09/2023 15:34:59,38.81,20.95,12.52,,,,
733,06/09/2023 15:35:09,38.78,20.97,12.50,,,,
734,06/09/2023 15:35:19,38.81,20.77,12.39,,,,
735,06/09/2023 15:35:29,38.81,20.77,12.39,,,,
736,06/09/2023 15:35:39,38.78,20.72,12.32,,,,
737,06/09/2023 15:35:49,38.76,20.68,12.28,,,,
738,06/09/2023 15:35:59,38.79,20.70,12.32,,,,
739,06/09/2023 15:36:09,38.74,20.55,12.16,,,,
740,06/09/2023 15:36:19,38.75,20.65,12.25,,,,
741,06/09/2023 15:36:29,38.78,20.44,12.11,,,,
742,06/09/2023 15:36:39,38.76,20.14,11.87,,,,
743,06/09/2023 15:36:49,38.76,20.09,11.84,,,,
744,06/09/2023 15:36:59,38.75,20.17,11.89,,,,
745,06/09/2023 15:37:09,38.74,20.07,11.80,,,,
746,06/09/2023 15:37:19,38.71,20.25,11.92,,,,
747,06/09/2023 15:37:29,38.71,20.40,12.03,,,,
748,06/09/2023 15:37:39,38.71,20.56,12.16,,,,
749,06/09/2023 15:37:49,38.69,20.61,12.18,,,,
750,06/09/2023 15:37:59,38.68,20.58,12.14,,,,
751,06/09/2023 15:38:09,38.68,20.56,12.13,,,,
752,06/09/2023 15:38:19,38.67,20.66,12.19,,,,
753,06/09/2023 15:38:29,38.68,20.70,12.23,,,,
754,06/09/2023 15:38:39,38.69,20.68,12.22,,,,
755,06/09/2023 15:38:49,38.65,20.75,12.24,,,,
756,06/09/2023 15:38:59,38.65,20.79,12.27,,,,
757,06/09/2023 15:39:09,38.65,20.88,12.33,,,,
758,06/09/2023 15:39:19,38.64,20.86,12.31,,,,
759,06/09/2023 15:39:29,38.63,20.83,12.28,,,,
760,06/09/2023 15:39:39,38.63,20.81,12.27,,,,
761,06/09/2023 15:39:49,38.65,20.88,12.33,,,,
762,06/09/2023 15:39:59,38.64,21.04,12.44,,,,
763,06/09/2023 15:40:09,38.64,21.10,12.49,,,,
764,06/09/2023 15:40:19,38.61,21.15,12.50,,,,
765,06/09/2023 15:40:29,38.63,21.29,12.61,,,,
766,06/09/2023 15:40:39,38.59,21.32,12.60,,,,
767,06/09/2023 15:40:49,38.61,21.15,12.50,,,,
768,06/09/2023 15:40:59,38.59,21.29,12.58,,,,
769,06/09/2023 15:41:09,38.60,21.30,12.60,,,,
770,06/09/2023 15:41:19,38.61,21.24,12.56,,,,
771,06/09/2023 15:41:29,38.60,21.34,12.62,,,,
772,06/09/2023 15:41:39,38.60,21.45,12.70,,,,
773,06/09/2023 15:41:49,38.59,21.38,12.65,,,,
774,06/09/2023 15:41:59,38.58,21.44,12.68,,,,
775,06/09/2023 15:42:09,38.56,21.50,12.71,,,,
776,06/09/2023 15:42:19,38.58,21.48,12.71,,,,
777,06/09/2023 15:42:29,38.58,21.45,12.69,,,,
778,06/09/2023 15:42:39,38.59,21.38,12.65,,,,
779,06/09/2023 15:42:49,38.58,21.43,12.67,,,,
780,06/09/2023 15:42:59,38.56,21.48,12.70,,,,
781,06/09/2023 15:43:09,38.54,21.60,12.76,,,,
782,06/09/2023 15:43:19,38.56,21.60,12.78,,,,
783,06/09/2023 15:43:29,38.55,21.60,12.77,,,,
784,06/09/2023 15:43:39,38.52,21.68,12.80,,,,
785,06/09/2023 15:43:49,38.51,21.73,12.83,,,,
786,06/09/2023 15:43:59,38.52,21.84,12.92,,,,
787,06/09/2023 15:44:09,38.53,21.84,12.93,,,,
788,06/09/2023 15:44:19,38.51,21.95,12.98,,,,
789,06/09/2023 15:44:29,38.51,22.07,13.07,,,,
790,06/09/2023 15:44:39,38.50,22.02,13.03,,,,
791,06/09/2023 15:44:49,38.49,22.19,13.14,,,,
792,06/09/2023 15:44:59,38.47,22.26,13.16,,,,
793,06/09/2023 15:45:09,38.50,22.31,13.22,,,,
794,06/09/2023 15:45:19,38.50,22.29,13.21,,,,
795,06/09/2023 15:45:29,38.48,22.27,13.18,,,,
796,06/09/2023 15:45:39,38.50,22.35,13.26,,,,
797,06/09/2023 15:45:49,38.49,22.47,13.33,,,,
798,06/09/2023 15:45:59,38.45,22.45,13.28,,,,
799,06/09/2023 15:46:09,38.46,22.44,13.28,,,,
800,06/09/2023 15:46:19,38.46,22.49,13.31,,,,
801,06/09/2023 15:46:29,38.45,22.34,13.20,,,,
802,06/09/2023 15:46:39,38.48,22.26,13.17,,,,
803,06/09/2023 15:46:49,38.44,22.34,13.19,,,,
804,06/09/2023 15:46:59,38.47,22.29,13.18,,,,
805,06/09/2023 15:47:09,38.45,22.17,13.08,,,,
806,06/09/2023 15:47:19,38.45,22.26,13.14,,,,
807,06/09/2023 15:47:29,38.43,22.30,13.16,,,,
808,06/09/2023 15:47:39,38.40,22.32,13.15,,,,
809,06/09/2023 15:47:49,38.43,22.43,13.25,,,,
810,06/09/2023 15:47:59,38.41,22.40,13.22,,,,
811,06/09/2023 15:48:09,38.43,22.33,13.18,,,,
812,06/09/2023 15:48:19,38.43,22.37,13.20,,,,
813,06/09/2023 15:48:29,38.41,22.17,13.06,,,,
814,06/09/2023 15:48:39,38.40,22.20,13.07,,,,
815,06/09/2023 15:48:49,38.40,22.20,13.07,,,,
816,06/09/2023 15:48:59,38.39,22.07,12.97,,,,
817,06/09/2023 15:49:09,38.40,22.22,13.08,,,,
818,06/09/2023 15:49:19,38.41,22.18,13.07,,,,
819,06/09/2023 15:49:29,38.40,22.27,13.11,,,,
820,06/09/2023 15:49:39,38.39,22.28,13.12,,,,
821,06/09/2023 15:49:49,38.37,22.28,13.10,,,,
822,06/09/2023 15:49:59,38.40,22.20,13.07,,,,
823,06/09/2023 15:50:09,38.37,22.18,13.03,,,,
824,06/09/2023 15:50:19,38.38,22.27,13.10,,,,
825,06/09/2023 15:50:29,38.36,22.30,13.10,,,,
826,06/09/2023 15:50:39,38.32,22.35,13.10,,,,
827,06/09/2023 15:50:49,38.37,22.40,13.18,,,,
828,06/09/2023 15:50:59,38.35,22.41,13.17,,,,
829,06/09/2023 15:51:09,38.34,22.41,13.16,,,,
830,06/09/2023 15:51:19,38.32,22.41,13.14,,,,
831,06/09/2023 15:51:29,38.32,22.45,13.17,,,,
832,06/09/2023 15:51:39,38.36,22.33,13.12,,,,
833,06/09/2023 15:51:49,38.34,22.26,13.06,,,,
834,06/09/2023 15:51:59,38.32,22.17,12.98,,,,
835,06/09/2023 15:52:09,38.33,22.20,13.01,,,,
836,06/09/2023 15:52:19,38.32,22.10,12.93,,,,
837,06/09/2023 15:52:29,38.32,21.98,12.85,,,,
838,06/09/2023 15:52:39,38.31,21.81,12.72,,,,
839,06/09/2023 15:52:49,38.30,21.77,12.68,,,,
840,06/09/2023 15:52:59,38.30,21.85,12.74,,,,
841,06/09/2023 15:53:09,38.29,21.87,12.74,,,,
842,06/09/2023 15:53:19,38.30,21.86,12.75,,,,
843,06/09/2023 15:53:29,38.25,21.85,12.70,,,,
844,06/09/2023 15:53:39,38.28,21.91,12.77,,,,
845,06/09/2023 15:53:49,38.26,21.93,12.77,,,,
846,06/09/2023 15:53:59,38.28,21.95,12.79,,,,
847,06/09/2023 15:54:09,38.25,21.83,12.69,,,,
848,06/09/2023 15:54:19,38.25,21.88,12.72,,,,
849,06/09/2023 15:54:29,38.23,21.70,12.58,,,,
850,06/09/2023 15:54:39,38.25,21.62,12.54,,,,
851,06/09/2023 15:54:49,38.22,21.58,12.49,,,,
852,06/09/2023 15:54:59,38.23,21.51,12.45,,,,
853,06/09/2023 15:55:09,38.21,21.60,12.49,,,,
854,06/09/2023 15:55:19,38.20,21.48,12.40,,,,
855,06/09/2023 15:55:29,38.22,21.48,12.42,,,,
856,06/09/2023 15:55:39,38.19,21.58,12.46,,,,
857,06/09/2023 15:55:49,38.16,21.63,12.47,,,,
858,06/09/2023 15:55:59,38.18,21.66,12.51,,,,
859,06/09/2023 15:56:09,38.19,21.56,12.45,,,,
860,06/09/2023 15:56:19,38.18,21.61,12.47,,,,
861,06/09/2023 15:56:29,38.18,21.56,12.44,,,,
862,06/09/2023 15:56:39,38.17,21.58,12.44,,,,
863,06/09/2023 15:56:49,38.18,21.46,12.37,,,,
864,06/09/2023 15:56:59,38.12,21.63,12.44,,,,
865,06/09/2023 15:57:09,38.16,21.53,12.39,,,,
866,06/09/2023 15:57:19,38.16,21.51,12.38,,,,
867,06/09/2023 15:57:29,38.12,21.52,12.37,,,,
868,06/09/2023 15:57:39,38.10,21.63,12.42,,,,
869,06/09/2023 15:57:49,38.11,21.72,12.50,,,,
870,06/09/2023 15:57:59,38.14,21.70,12.50,,,,
871,06/09/2023 15:58:09,38.10,21.72,12.49,,,,
872,06/09/2023 15:58:19,38.09,21.82,12.55,,,,
873,06/09/2023 15:58:29,38.07,21.80,12.52,,,,
874,06/09/2023 15:58:39,38.08,21.70,12.46,,,,
875,06/09/2023 15:58:49,38.05,21.69,12.42,,,,
876,06/09/2023 15:58:59,38.03,21.89,12.54,,,,
877,06/09/2023 15:59:09,38.05,21.77,12.48,,,,
878,06/09/2023 15:59:19,38.03,21.75,12.45,,,,
879,06/09/2023 15:59:29,38.04,21.79,12.48,,,,
880,06/09/2023 15:59:39,38.04,21.90,12.56,,,,
881,06/09/2023 15:59:49,38.03,21.87,12.53,,,,
882,06/09/2023 15:59:59,38.05,21.67,12.41,,,,
883,06/09/2023 16:00:09,38.03,21.65,12.38,,,,
884,06/09/2023 16:00:19,37.99,21.72,12.39,,,,
885,06/09/2023 16:00:29,38.00,21.70,12.39,,,,
886,06/09/2023 16:00:39,37.96,21.53,12.24,,,,
887,06/09/2023 16:00:49,37.96,21.55,12.25,,,,
888,06/09/2023 16:00:59,37.96,21.60,12.29,,,,
889,06/09/2023 16:01:09,37.94,21.76,12.39,,,,
890,06/09/2023 16:01:19,37.93,21.86,12.45,,,,
891,06/09/2023 16:01:29,37.92,21.93,12.48,,,,
892,06/09/2023 16:01:39,37.92,21.83,12.41,,,,
893,06/09/2023 16:01:49,37.90,21.89,12.44,,,,
894,06/09/2023 16:01:59,37.89,21.79,12.36,,,,
895,06/09/2023 16:02:09,37.89,21.76,12.34,,,,
896,06/09/2023 16:02:19,37.86,21.78,12.33,,,,
897,06/09/2023 16:02:29,37.85,21.82,12.35,,,,
898,06/09/2023 16:02:39,37.85,21.82,12.35,,,,
899,06/09/2023 16:02:49,37.85,21.92,12.42,,,,
900,06/09/2023 16:02:59,37.85,21.95,12.44,,,,
901,06/09/2023 16:03:09,37.81,21.95,12.41,,,,
902,06/09/2023 16:03:19,37.84,22.14,12.56,,,,
903,06/09/2023 16:03:29,37.80,22.10,12.51,,,,
904,06/09/2023 16:03:39,37.79,22.25,12.60,,,,
905,06/09/2023 16:03:49,37.77,22.30,12.61,,,,
906,06/09/2023 16:03:59,37.79,22.27,12.61,,,,
907,06/09/2023 16:04:09,37.79,22.28,12.62,,,,
908,06/09/2023 16:04:19,37.76,22.12,12.48,,,,
909,06/09/2023 16:04:29,37.78,22.22,12.57,,,,
910,06/09/2023 16:04:39,37.74,22.31,12.60,,,,
911,06/09/2023 16:04:49,37.74,22.30,12.59,,,,
912,06/09/2023 16:04:59,37.75,22.38,12.65,,,,
913,06/09/2023 16:05:09,37.74,22.38,12.64,,,,
914,06/09/2023 16:05:19,37.73,22.36,12.62,,,,
915,06/09/2023 16:05:29,37.73,22.46,12.69,,,,
916,06/09/2023 16:05:39,37.72,22.51,12.71,,,,
917,06/09/2023 16:05:49,37.73,22.34,12.61,,,,
918,06/09/2023 16:05:59,37.71,22.08,12.41,,,,
919,06/09/2023 16:06:09,37.69,21.92,12.28,,,,
920,06/09/2023 16:06:19,37.71,22.03,12.38,,,,
921,06/09/2023 16:06:29,37.66,22.05,12.35,,,,
922,06/09/2023 16:06:39,37.65,21.68,12.09,,,,
923,06/09/2023 16:06:49,37.65,21.86,12.22,,,,
924,06/09/2023 16:06:59,37.65,21.88,12.23,,,,
925,06/09/2023 16:07:09,37.65,21.88,12.23,,,,
926,06/09/2023 16:07:19,37.65,21.78,12.16,,,,
927,06/09/2023 16:07:29,37.64,21.76,12.14,,,,
928,06/09/2023 16:07:39,37.63,21.85,12.19,,,,
929,06/09/2023 16:07:49,37.63,21.91,12.23,,,,
930,06/09/2023 16:07:59,37.63,21.79,12.15,,,,
931,06/09/2023 16:08:09,37.61,21.61,12.00,,,,
932,06/09/2023 16:08:19,37.60,21.60,11.99,,,,
933,06/09/2023 16:08:29,37.59,21.59,11.98,,,,
934,06/09/2023 16:08:39,37.59,21.64,12.01,,,,
935,06/09/2023 16:08:49,37.58,21.73,12.06,,,,
936,06/09/2023 16:08:59,37.58,21.76,12.08,,,,
937,06/09/2023 16:09:09,37.55,21.81,12.09,,,,
938,06/09/2023 16:09:19,37.55,21.79,12.08,,,,
939,06/09/2023 16:09:29,37.55,21.81,12.09,,,,
940,06/09/2023 16:09:39,37.55,21.74,12.04,,,,
941,06/09/2023 16:09:49,37.54,21.86,12.11,,,,
942,06/09/2023 16:09:59,37.54,21.94,12.17,,,,
943,06/09/2023 16:10:09,37.56,22.00,12.24,,,,
944,06/09/2023 16:10:19,37.54,22.07,12.26,,,,
945,06/09/2023 16:10:29,37.52,22.00,12.21,,,,
946,06/09/2023 16:10:39,37.51,21.97,12.17,,,,
947,06/09/2023 16:10:49,37.50,21.92,12.13,,,,
948,06/09/2023 16:10:59,37.50,21.80,12.05,,,,
949,06/09/2023 16:11:09,37.48,21.72,11.98,,,,
950,06/09/2023 16:11:19,37.46,21.51,11.81,,,,
951,06/09/2023 16:11:29,37.46,21.46,11.77,,,,
952,06/09/2023 16:11:39,37.47,21.47,11.79,,,,
953,06/09/2023 16:11:49,37.47,21.39,11.73,,,,
954,06/09/2023 16:11:59,37.45,21.36,11.69,,,,
955,06/09/2023 16:12:09,37.43,21.32,11.65,,,,
956,06/09/2023 16:12:19,37.44,21.29,11.64,,,,
957,06/09/2023 16:12:29,37.43,21.24,11.59,,,,
958,06/09/2023 16:12:39,37.44,21.32,11.66,,,,
959,06/09/2023 16:12:49,37.42,21.34,11.65,,,,
960,06/09/2023 16:12:59,37.40,21.59,11.81,,,,
961,06/09/2023 16:13:09,37.37,21.44,11.69,,,,
962,06/09/2023 16:13:19,37.40,21.22,11.55,,,,
963,06/09/2023 16:13:29,37.35,21.12,11.45,,,,
964,06/09/2023 16:13:39,37.36,21.12,11.45,,,,
965,06/09/2023 16:13:49,37.34,21.15,11.46,,,,
966,06/09/2023 16:13:59,37.37,20.99,11.37,,,,
967,06/09/2023 16:14:09,37.33,21.12,11.43,,,,
968,06/09/2023 16:14:19,37.28,21.15,11.40,,,,
969,06/09/2023 16:14:29,37.31,21.10,11.40,,,,
970,06/09/2023 16:14:39,37.29,21.07,11.35,,,,
971,06/09/2023 16:14:49,37.28,21.15,11.40,,,,
972,06/09/2023 16:14:59,37.28,21.25,11.47,,,,
973,06/09/2023 16:15:09,37.27,21.30,11.50,,,,
974,06/09/2023 16:15:19,37.26,21.26,11.47,,,,
975,06/09/2023 16:15:29,37.22,21.39,11.53,,,,
976,06/09/2023 16:15:39,37.22,21.44,11.57,,,,
977,06/09/2023 16:15:49,37.22,21.53,11.63,,,,
978,06/09/2023 16:15:59,37.19,21.49,11.58,,,,
979,06/09/2023 16:16:09,37.17,21.65,11.67,,,,
980,06/09/2023 16:16:19,37.19,21.65,11.69,,,,
981,06/09/2023 16:16:29,37.19,21.64,11.68,,,,
982,06/09/2023 16:16:39,37.16,21.70,11.70,,,,
983,06/09/2023 16:16:49,37.16,21.75,11.73,,,,
984,06/09/2023 16:16:59,37.14,21.82,11.76,,,,
985,06/09/2023 16:17:09,37.13,21.87,11.79,,,,
986,06/09/2023 16:17:19,37.13,22.02,11.89,,,,
987,06/09/2023 16:17:29,37.10,21.98,11.84,,,,
988,06/09/2023 16:17:39,37.11,21.68,11.64,,,,
989,06/09/2023 16:17:49,37.10,21.55,11.54,,,,
990,06/09/2023 16:17:59,37.10,21.45,11.47,,,,
991,06/09/2023 16:18:09,37.11,21.37,11.42,,,,
992,06/09/2023 16:18:19,37.07,21.38,11.40,,,,
993,06/09/2023 16:18:29,37.07,20.99,11.12,,,,
994,06/09/2023 16:18:39,37.06,20.71,10.91,,,,
995,06/09/2023 16:18:49,37.05,20.71,10.90,,,,
996,06/09/2023 16:18:59,37.03,20.45,10.69,,,,
997,06/09/2023 16:19:09,37.05,20.53,10.77,,,,
998,06/09/2023 16:19:19,37.03,20.61,10.81,,,,
999,06/09/2023 16:19:29,37.02,20.69,10.86,,,,
1000,06/09/2023 16:19:39,36.99,20.72,10.86,,,,
1001,06/09/2023 16:19:49,37.01,20.67,10.84,,,,
1002,06/09/2023 16:19:59,36.96,20.64,10.77,,,,
1003,06/09/2023 16:20:09,36.99,20.67,10.82,,,,
1004,06/09/2023 16:20:19,36.96,20.67,10.80,,,,
1005,06/09/2023 16:20:29,36.99,20.81,10.92,,,,
1006,06/09/2023 16:20:39,36.96,20.74,10.84,,,,
1007,06/09/2023 16:20:49,36.98,20.72,10.85,,,,
1008,06/09/2023 16:20:59,36.96,20.74,10.84,,,,
1009,06/09/2023 16:21:09,36.92,20.80,10.86,,,,
1010,06/09/2023 16:21:19,36.93,20.80,10.87,,,,
1011,06/09/2023 16:21:29,36.95,20.83,10.90,,,,
1012,06/09/2023 16:21:39,36.93,20.82,10.88,,,,
1013,06/09/2023 16:21:49,36.93,20.82,10.88,,,,
1014,06/09/2023 16:21:59,36.92,20.83,10.89,,,,
1015,06/09/2023 16:22:09,36.91,20.90,10.92,,,,
1016,06/09/2023 16:22:19,36.91,20.88,10.91,,,,
1017,06/09/2023 16:22:29,36.89,20.95,10.94,,,,
1018,06/09/2023 16:22:39,36.89,21.01,10.99,,,,
1019,06/09/2023 16:22:49,36.87,20.85,10.85,,,,
1020,06/09/2023 16:22:59,36.89,20.85,10.87,,,,
1021,06/09/2023 16:23:09,36.88,20.86,10.87,,,,
1022,06/09/2023 16:23:19,36.91,20.78,10.84,,,,
1023,06/09/2023 16:23:29,36.87,20.76,10.79,,,,
1024,06/09/2023 16:23:39,36.87,20.94,10.92,,,,
1025,06/09/2023 16:23:49,36.88,20.91,10.91,,,,
1026,06/09/2023 16:23:59,36.89,20.95,10.94,,,,
1027,06/09/2023 16:24:09,36.87,21.03,10.98,,,,
1028,06/09/2023 16:24:19,36.86,21.14,11.05,,,,
1029,06/09/2023 16:24:29,36.84,21.26,11.12,,,,
1030,06/09/2023 16:24:39,36.83,21.29,11.13,,,,
1031,06/09/2023 16:24:49,36.84,21.31,11.15,,,,
1032,06/09/2023 16:24:59,36.78,21.42,11.19,,,,
1033,06/09/2023 16:25:09,36.81,21.42,11.21,,,,
1034,06/09/2023 16:25:19,36.81,21.43,11.22,,,,
1035,06/09/2023 16:25:29,36.82,21.43,11.23,,,,
1036,06/09/2023 16:25:39,36.80,21.49,11.25,,,,
1037,06/09/2023 16:25:49,36.81,21.49,11.26,,,,
1038,06/09/2023 16:25:59,36.78,21.45,11.21,,,,
1039,06/09/2023 16:26:09,36.78,21.48,11.24,,,,
1040,06/09/2023 16:26:19,36.80,21.50,11.26,,,,
1041,06/09/2023 16:26:29,36.77,21.60,11.31,,,,
1042,06/09/2023 16:26:39,36.77,21.62,11.32,,,,
1043,06/09/2023 16:26:49,36.78,21.55,11.28,,,,
1044,06/09/2023 16:26:59,36.76,21.48,11.22,,,,
1045,06/09/2023 16:27:09,36.77,21.48,11.23,,,,
1046,06/09/2023 16:27:19,36.75,21.47,11.20,,,,
1047,06/09/2023 16:27:29,36.75,21.50,11.22,,,,
1048,06/09/2023 16:27:39,36.76,21.57,11.27,,,,
1049,06/09/2023 16:27:49,36.76,21.61,11.31,,,,
1050,06/09/2023 16:27:59,36.72,21.63,11.29,,,,
1051,06/09/2023 16:28:09,36.73,21.68,11.33,,,,
1052,06/09/2023 16:28:19,36.73,21.68,11.33,,,,
1053,06/09/2023 16:28:29,36.71,21.79,11.39,,,,
1054,06/09/2023 16:28:39,36.72,21.81,11.41,,,,
1055,06/09/2023 16:28:49,36.71,21.87,11.44,,,,
1056,06/09/2023 16:28:59,36.72,21.81,11.41,,,,
1057,06/09/2023 16:29:09,36.72,21.81,11.41,,,,
1058,06/09/2023 16:29:19,36.70,21.71,11.32,,,,
1059,06/09/2023 16:29:29,36.67,21.83,11.38,,,,
1060,06/09/2023 16:29:39,36.69,21.79,11.37,,,,
1061,06/09/2023 16:29:49,36.69,21.84,11.41,,,,
1062,06/09/2023 16:29:59,36.69,21.89,11.44,,,,
1063,06/09/2023 16:30:09,36.67,21.96,11.47,,,,
1064,06/09/2023 16:30:19,36.68,21.89,11.43,,,,
1065,06/09/2023 16:30:29,36.69,21.96,11.48,,,,
1066,06/09/2023 16:30:39,36.68,21.94,11.46,,,,
1067,06/09/2023 16:30:49,36.68,21.97,11.49,,,,
1068,06/09/2023 16:30:59,36.67,21.91,11.43,,,,
1069,06/09/2023 16:31:09,36.64,21.87,11.39,,,,
1070,06/09/2023 16:31:19,36.64,21.95,11.45,,,,
1071,06/09/2023 16:31:29,36.64,21.90,11.41,,,,
1072,06/09/2023 16:31:39,36.66,22.04,11.51,,,,
1073,06/09/2023 16:31:49,36.63,21.92,11.41,,,,
1074,06/09/2023 16:31:59,36.59,21.94,11.39,,,,
1075,06/09/2023 16:32:09,36.63,21.90,11.40,,,,
1076,06/09/2023 16:32:19,36.61,21.95,11.42,,,,
1077,06/09/2023 16:32:29,36.62,22.02,11.47,,,,
1078,06/09/2023 16:32:39,36.63,21.89,11.39,,,,
1079,06/09/2023 16:32:49,36.63,22.03,11.49,,,,
1080,06/09/2023 16:32:59,36.58,22.05,11.46,,,,
1081,06/09/2023 16:33:09,36.59,22.08,11.49,,,,
1082,06/09/2023 16:33:19,36.59,21.99,11.43,,,,
1083,06/09/2023 16:33:29,36.58,21.90,11.36,,,,
1084,06/09/2023 16:33:39,36.56,22.10,11.48,,,,
1085,06/09/2023 16:33:49,36.58,22.10,11.49,,,,
1086,06/09/2023 16:33:59,36.58,22.11,11.50,,,,
1087,06/09/2023 16:34:09,36.57,22.12,11.50,,,,
1088,06/09/2023 16:34:19,36.56,22.19,11.54,,,,
1089,06/09/2023 16:34:29,36.56,22.08,11.46,,,,
1090,06/09/2023 16:34:39,36.53,22.06,11.43,,,,
1091,06/09/2023 16:34:49,36.53,22.06,11.43,,,,
1092,06/09/2023 16:34:59,36.53,21.98,11.37,,,,
1093,06/09/2023 16:35:09,36.52,21.88,11.29,,,,
1094,06/09/2023 16:35:19,36.52,21.97,11.35,,,,
1095,06/09/2023 16:35:29,36.52,21.90,11.30,,,,
1096,06/09/2023 16:35:39,36.53,21.75,11.21,,,,
1097,06/09/2023 16:35:49,36.52,21.82,11.25,,,,
1098,06/09/2023 16:35:59,36.47,21.77,11.18,,,,
1099,06/09/2023 16:36:09,36.53,21.78,11.23,,,,
1100,06/09/2023 16:36:19,36.49,21.88,11.27,,,,
1101,06/09/2023 16:36:29,36.49,21.93,11.31,,,,
1102,06/09/2023 16:36:39,36.48,21.98,11.33,,,,
1103,06/09/2023 16:36:49,36.47,22.01,11.34,,,,
1104,06/09/2023 16:36:59,36.48,22.06,11.39,,,,
1105,06/09/2023 16:37:09,36.46,22.14,11.43,,,,
1106,06/09/2023 16:37:19,36.46,22.13,11.42,,,,
1107,06/09/2023 16:37:29,36.46,22.13,11.42,,,,
1108,06/09/2023 16:37:39,36.44,22.14,11.41,,,,
1109,06/09/2023 16:37:49,36.43,22.02,11.32,,,,
1110,06/09/2023 16:37:59,36.46,21.91,11.27,,,,
1111,06/09/2023 16:38:09,36.45,21.83,11.20,,,,
1112,06/09/2023 16:38:19,36.44,21.88,11.23,,,,
1113,06/09/2023 16:38:29,36.44,21.96,11.28,,,,
1114,06/09/2023 16:38:39,36.45,21.84,11.21,,,,
1115,06/09/2023 16:38:49,36.43,21.50,10.95,,,,
1116,06/09/2023 16:38:59,36.42,21.43,10.90,,,,
1117,06/09/2023 16:39:09,36.43,21.38,10.87,,,,
1118,06/09/2023 16:39:19,36.40,21.51,10.94,,,,
1119,06/09/2023 16:39:29,36.43,21.46,10.93,,,,
1120,06/09/2023 16:39:39,36.40,21.22,10.73,,,,
1121,06/09/2023 16:39:49,36.38,21.25,10.73,,,,
1122,06/09/2023 16:39:59,36.39,21.38,10.84,,,,
1123,06/09/2023 16:40:09,36.39,21.40,10.85,,,,
1124,06/09/2023 16:40:19,36.37,21.38,10.82,,,,
1125,06/09/2023 16:40:29,36.34,21.46,10.86,,,,
1126,06/09/2023 16:40:39,36.33,21.42,10.82,,,,
1127,06/09/2023 16:40:49,36.36,21.61,10.97,,,,
1128,06/09/2023 16:40:59,36.32,21.41,10.80,,,,
1129,06/09/2023 16:41:09,36.30,21.21,10.65,,,,
1130,06/09/2023 16:41:19,36.32,21.41,10.80,,,,
1131,06/09/2023 16:41:29,36.28,21.48,10.81,,,,
1132,06/09/2023 16:41:39,36.26,21.48,10.80,,,,
1133,06/09/2023 16:41:49,36.28,21.77,11.02,,,,
1134,06/09/2023 16:41:59,36.27,21.92,11.11,,,,
1135,06/09/2023 16:42:09,36.28,22.02,11.19,,,,
1136,06/09/2023 16:42:19,36.27,22.03,11.19,,,,
1137,06/09/2023 16:42:29,36.23,22.01,11.14,,,,
1138,06/09/2023 16:42:39,36.23,22.03,11.16,,,,
1139,06/09/2023 16:42:49,36.23,22.00,11.13,,,,
1140,06/09/2023 16:42:59,36.23,22.10,11.20,,,,
1141,06/09/2023 16:43:09,36.22,22.03,11.14,,,,
1142,06/09/2023 16:43:19,36.22,22.03,11.14,,,,
1143,06/09/2023 16:43:29,36.18,22.16,11.21,,,,
1144,06/09/2023 16:43:39,36.22,22.14,11.22,,,,
1145,06/09/2023 16:43:49,36.17,22.24,11.25,,,,
1146,06/09/2023 16:43:59,36.21,22.24,11.28,,,,
1147,06/09/2023 16:44:09,36.18,22.19,11.23,,,,
1148,06/09/2023 16:44:19,36.19,22.10,11.17,,,,
1149,06/09/2023 16:44:29,36.19,22.16,11.22,,,,
1150,06/09/2023 16:44:39,36.18,22.17,11.22,,,,
1151,06/09/2023 16:44:49,36.21,22.09,11.18,,,,
1152,06/09/2023 16:44:59,36.16,22.11,11.16,,,,
1153,06/09/2023 16:45:09,36.15,22.11,11.15,,,,
1154,06/09/2023 16:45:19,36.16,22.17,11.20,,,,
1155,06/09/2023 16:45:29,36.18,22.24,11.26,,,,
1156,06/09/2023 16:45:39,36.14,22.26,11.24,,,,
1157,06/09/2023 16:45:49,36.15,22.30,11.28,,,,
1158,06/09/2023 16:45:59,36.16,22.30,11.29,,,,
1159,06/09/2023 16:46:09,36.15,22.35,11.31,,,,
1160,06/09/2023 16:46:19,36.13,22.37,11.30,,,,
1161,06/09/2023 16:46:29,36.14,22.34,11.29,,,,
1162,06/09/2023 16:46:39,36.16,22.45,11.39,,,,
1163,06/09/2023 16:46:49,36.14,22.29,11.26,,,,
1164,06/09/2023 16:46:59,36.13,22.24,11.22,,,,
1165,06/09/2023 16:47:09,36.12,22.19,11.17,,,,
1166,06/09/2023 16:47:19,36.11,22.12,11.12,,,,
1167,06/09/2023 16:47:29,36.16,22.34,11.31,,,,
1168,06/09/2023 16:47:39,36.13,22.37,11.31,,,,
1169,06/09/2023 16:47:49,36.12,22.47,11.36,,,,
1170,06/09/2023 16:47:59,36.09,22.53,11.38,,,,
1171,06/09/2023 16:48:09,36.12,22.57,11.43,,,,
1172,06/09/2023 16:48:19,36.13,22.60,11.46,,,,
1173,06/09/2023 16:48:29,36.12,22.43,11.34,,,,
1174,06/09/2023 16:48:39,36.12,22.40,11.32,,,,
1175,06/09/2023 16:48:49,36.14,22.33,11.29,,,,
1176,06/09/2023 16:48:59,36.11,22.30,11.24,,,,
1177,06/09/2023 16:49:09,36.10,22.27,11.21,,,,
1178,06/09/2023 16:49:19,36.08,22.32,11.23,,,,
1179,06/09/2023 16:49:29,36.11,22.45,11.34,,,,
1180,06/09/2023 16:49:39,36.12,22.51,11.39,,,,
1181,06/09/2023 16:49:49,36.14,22.55,11.44,,,,
1182,06/09/2023 16:49:59,36.12,22.63,11.47,,,,
1183,06/09/2023 16:50:09,36.11,22.71,11.52,,,,
1184,06/09/2023 16:50:19,36.12,22.68,11.51,,,,
1185,06/09/2023 16:50:29,36.12,22.79,11.58,,,,
1186,06/09/2023 16:50:39,36.11,22.81,11.58,,,,
1187,06/09/2023 16:50:49,36.11,22.86,11.62,,,,
1188,06/09/2023 16:50:59,36.12,22.85,11.62,,,,
1189,06/09/2023 16:51:09,36.11,22.86,11.62,,,,
1190,06/09/2023 16:51:19,36.13,22.91,11.67,,,,
1191,06/09/2023 16:51:29,36.12,22.81,11.59,,,,
1192,06/09/2023 16:51:39,36.12,22.88,11.63,,,,
1193,06/09/2023 16:51:49,36.14,22.78,11.59,,,,
1194,06/09/2023 16:51:59,36.14,22.78,11.59,,,,
1195,06/09/2023 16:52:09,36.14,22.81,11.61,,,,
1196,06/09/2023 16:52:19,36.14,22.76,11.58,,,,
1197,06/09/2023 16:52:29,36.15,22.68,11.53,,,,
1198,06/09/2023 16:52:39,36.18,22.65,11.54,,,,
1199,06/09/2023 16:52:49,36.16,22.73,11.57,,,,
1200,06/09/2023 16:52:59,36.21,22.80,11.65,,,,
1201,06/09/2023 16:53:09,36.21,22.87,11.70,,,,
1202,06/09/2023 16:53:19,36.23,23.00,11.80,,,,
1203,06/09/2023 16:53:29,36.22,23.00,11.80,,,,
1204,06/09/2023 16:53:39,36.21,23.05,11.82,,,,
1205,06/09/2023 16:53:49,36.24,22.97,11.79,,,,
1206,06/09/2023 16:53:59,36.26,22.90,11.77,,,,
1207,06/09/2023 16:54:09,36.27,22.52,11.52,,,,
1208,06/09/2023 16:54:19,36.26,22.49,11.49,,,,
1209,06/09/2023 16:54:29,36.27,22.56,11.55,,,,
1210,06/09/2023 16:54:39,36.28,22.56,11.56,,,,
1211,06/09/2023 16:54:49,36.31,22.51,11.55,,,,
1212,06/09/2023 16:54:59,36.30,22.53,11.55,,,,
1213,06/09/2023 16:55:09,36.30,22.54,11.56,,,,
1214,06/09/2023 16:55:19,36.34,22.41,11.51,,,,
1215,06/09/2023 16:55:29,36.33,22.38,11.48,,,,
1216,06/09/2023 16:55:39,36.33,22.46,11.53,,,,
1217,06/09/2023 16:55:49,36.33,22.46,11.53,,,,
1218,06/09/2023 16:55:59,36.36,22.46,11.55,,,,
1219,06/09/2023 16:56:09,36.36,22.49,11.58,,,,
1220,06/09/2023 16:56:19,36.34,22.48,11.56,,,,
1221,06/09/2023 16:56:29,36.37,22.43,11.54,,,,
1222,06/09/2023 16:56:39,36.39,22.40,11.54,,,,
1223,06/09/2023 16:56:49,36.40,22.33,11.50,,,,
1224,06/09/2023 16:56:59,36.40,22.25,11.45,,,,
1225,06/09/2023 16:57:09,36.42,22.18,11.42,,,,
1226,06/09/2023 16:57:19,36.42,22.17,11.41,,,,
1227,06/09/2023 16:57:29,36.42,22.15,11.40,,,,
1228,06/09/2023 16:57:39,36.44,22.18,11.44,,,,
1229,06/09/2023 16:57:49,36.44,22.27,11.50,,,,
1230,06/09/2023 16:57:59,36.46,22.32,11.55,,,,
1231,06/09/2023 16:58:09,36.49,22.34,11.58,,,,
1232,06/09/2023 16:58:19,36.46,22.27,11.51,,,,
1233,06/09/2023 16:58:29,36.47,22.17,11.45,,,,
1234,06/09/2023 16:58:39,36.48,22.09,11.41,,,,
1235,06/09/2023 16:58:49,36.53,22.02,11.40,,,,
1236,06/09/2023 16:58:59,36.52,22.00,11.37,,,,
1237,06/09/2023 16:59:09,36.49,22.06,11.40,,,,
1238,06/09/2023 16:59:19,36.56,22.08,11.46,,,,
1239,06/09/2023 16:59:29,36.54,22.11,11.47,,,,
1240,06/09/2023 16:59:39,36.56,22.05,11.44,,,,
1241,06/09/2023 16:59:49,36.57,22.18,11.54,,,,
1242,06/09/2023 16:59:59,36.58,22.24,11.59,,,,
1243,06/09/2023 17:00:09,36.61,22.29,11.65,,,,
1244,06/09/2023 17:00:19,36.57,22.28,11.61,,,,
1245,06/09/2023 17:00:29,36.62,22.29,11.66,,,,
1246,06/09/2023 17:00:39,36.63,22.30,11.67,,,,
1247,06/09/2023 17:00:49,36.61,22.41,11.73,,,,
1248,06/09/2023 17:00:59,36.71,22.53,11.89,,,,
1249,06/09/2023 17:01:09,36.73,22.55,11.92,,,,
1250,06/09/2023 17:01:19,36.71,22.66,11.98,,,,
1251,06/09/2023 17:01:29,36.69,22.68,11.98,,,,
1252,06/09/2023 17:01:39,36.74,22.79,12.10,,,,
1253,06/09/2023 17:01:49,36.75,22.79,12.11,,,,
1254,06/09/2023 17:01:59,36.80,22.78,12.13,,,,
1255,06/09/2023 17:02:09,36.83,22.80,12.17,,,,
1256,06/09/2023 17:02:19,36.83,22.60,12.04,,,,
1257,06/09/2023 17:02:29,36.90,22.69,12.16,,,,
1258,06/09/2023 17:02:39,36.92,22.74,12.21,,,,
1259,06/09/2023 17:02:49,36.96,22.67,12.19,,,,
1260,06/09/2023 17:02:59,36.98,22.61,12.17,,,,
1261,06/09/2023 17:03:09,37.03,22.66,12.25,,,,
1262,06/09/2023 17:03:19,37.12,22.66,12.32,,,,
1263,06/09/2023 17:03:29,37.14,22.65,12.33,,,,
1264,06/09/2023 17:03:39,37.19,22.72,12.42,,,,
1265,06/09/2023 17:03:49,37.22,22.64,12.39,,,,
1266,06/09/2023 17:03:59,37.27,22.46,12.31,,,,
1267,06/09/2023 17:04:09,37.33,22.30,12.25,,,,
1268,06/09/2023 17:04:19,37.40,22.00,12.10,,,,
1269,06/09/2023 17:04:29,37.45,22.06,12.18,,,,
1270,06/09/2023 17:04:39,37.51,22.07,12.25,,,,
1271,06/09/2023 17:04:49,37.55,22.06,12.27,,,,
1272,06/09/2023 17:04:59,37.62,22.03,12.31,,,,
1273,06/09/2023 17:05:09,37.65,21.92,12.26,,,,
1274,06/09/2023 17:05:19,37.72,21.84,12.25,,,,
1275,06/09/2023 17:05:29,37.78,21.99,12.41,,,,
1276,06/09/2023 17:05:39,37.84,22.00,12.46,,,,
1277,06/09/2023 17:05:49,37.88,22.00,12.50,,,,
1278,06/09/2023 17:05:59,37.92,21.95,12.50,,,,
1279,06/09/2023 17:06:09,37.93,21.89,12.46,,,,
1280,06/09/2023 17:06:19,37.99,21.84,12.47,,,,
1281,06/09/2023 17:06:29,37.97,21.86,12.48,,,,
1282,06/09/2023 17:06:39,38.05,21.78,12.48,,,,
1283,06/09/2023 17:06:49,38.08,21.83,12.54,,,,
1284,06/09/2023 17:06:59,38.07,21.83,12.54,,,,
1285,06/09/2023 17:07:09,38.08,21.86,12.57,,,,
1286,06/09/2023 17:07:19,38.10,21.85,12.58,,,,
1287,06/09/2023 17:07:29,38.16,21.86,12.63,,,,
1288,06/09/2023 17:07:39,38.17,21.83,12.62,,,,
1289,06/09/2023 17:07:49,38.15,21.87,12.63,,,,
1290,06/09/2023 17:07:59,38.16,21.97,12.71,,,,
1291,06/09/2023 17:08:09,38.20,21.98,12.75,,,,
1292,06/09/2023 17:08:19,38.20,22.15,12.87,,,,
1293,06/09/2023 17:08:29,38.22,22.13,12.87,,,,
1294,06/09/2023 17:08:39,38.23,22.09,12.85,,,,
1295,06/09/2023 17:08:49,38.24,22.20,12.94,,,,
1296,06/09/2023 17:08:59,38.23,22.07,12.84,,,,
1297,06/09/2023 17:09:09,38.30,22.01,12.85,,,,
1298,06/09/2023 17:09:19,38.31,22.01,12.86,,,,
1299,06/09/2023 17:09:29,38.33,21.96,12.84,,,,
1300,06/09/2023 17:09:39,38.32,21.86,12.76,,,,
1301,06/09/2023 17:09:49,38.34,21.89,12.80,,,,
1302,06/09/2023 17:09:59,38.39,21.85,12.81,,,,
1303,06/09/2023 17:10:09,38.38,21.86,12.82,,,,
1304,06/09/2023 17:10:19,38.39,21.93,12.87,,,,
1305,06/09/2023 17:10:29,38.39,21.93,12.87,,,,
1306,06/09/2023 17:10:39,38.43,22.00,12.95,,,,
1307,06/09/2023 17:10:49,38.46,22.03,13.00,,,,
1308,06/09/2023 17:10:59,38.51,22.05,13.06,,,,
1309,06/09/2023 17:11:09,38.51,22.05,13.06,,,,
1310,06/09/2023 17:11:19,38.50,22.22,13.16,,,,
1311,06/09/2023 17:11:29,38.51,22.25,13.19,,,,
1312,06/09/2023 17:11:39,38.54,22.27,13.23,,,,
1313,06/09/2023 17:11:49,38.58,22.29,13.27,,,,
1314,06/09/2023 17:11:59,38.59,22.29,13.28,,,,
1315,06/09/2023 17:12:09,38.59,22.29,13.28,,,,
1316,06/09/2023 17:12:19,38.61,22.26,13.28,,,,
1317,06/09/2023 17:12:29,38.60,22.19,13.22,,,,
1318,06/09/2023 17:12:39,38.62,22.26,13.29,,,,
1319,06/09/2023 17:12:49,38.61,22.23,13.26,,,,
1320,06/09/2023 17:12:59,38.66,22.19,13.28,,,,
1321,06/09/2023 17:13:09,38.68,22.29,13.36,,,,
1322,06/09/2023 17:13:19,38.67,22.23,13.31,,,,
1323,06/09/2023 17:13:29,38.68,22.23,13.32,,,,
1324,06/09/2023 17:13:39,38.70,22.21,13.33,,,,
1325,06/09/2023 17:13:49,38.74,22.33,13.43,,,,
1326,06/09/2023 17:13:59,38.75,22.33,13.44,,,,
1327,06/09/2023 17:14:09,38.76,22.33,13.45,,,,
1328,06/09/2023 17:14:19,38.81,22.42,13.56,,,,
1329,06/09/2023 17:14:29,38.83,22.45,13.60,,,,
1330,06/09/2023 17:14:39,38.83,22.52,13.64,,,,
1331,06/09/2023 17:14:49,38.89,22.45,13.64,,,,
1332,06/09/2023 17:14:59,38.91,22.34,13.58,,,,
1333,06/09/2023 17:15:09,38.91,22.31,13.56,,,,
1334,06/09/2023 17:15:19,38.91,22.31,13.56,,,,
1335,06/09/2023 17:15:29,38.93,22.43,13.66,,,,
1336,06/09/2023 17:15:39,38.97,22.44,13.71,,,,
1337,06/09/2023 17:15:49,38.99,22.49,13.76,,,,
1338,06/09/2023 17:15:59,39.00,22.54,13.80,,,,
1339,06/09/2023 17:16:09,39.06,22.65,13.92,,,,
1340,06/09/2023 17:16:19,39.04,22.71,13.94,,,,
1341,06/09/2023 17:16:29,39.07,22.78,14.02,,,,
1342,06/09/2023 17:16:39,39.08,22.81,14.05,,,,
1343,06/09/2023 17:16:49,39.12,22.90,14.14,,,,
1344,06/09/2023 17:16:59,39.13,22.80,14.08,,,,
1345,06/09/2023 17:17:09,39.14,22.64,13.98,,,,
1346,06/09/2023 17:17:19,39.21,22.45,13.91,,,,
1347,06/09/2023 17:17:29,39.23,22.36,13.86,,,,
1348,06/09/2023 17:17:39,39.24,22.26,13.80,,,,
1349,06/09/2023 17:17:49,39.27,22.10,13.71,,,,
1350,06/09/2023 17:17:59,39.33,21.40,13.27,,,,
1351,06/09/2023 17:18:09,39.29,21.29,13.16,,,,
1352,06/09/2023 17:18:19,39.33,21.34,13.22,,,,
1353,06/09/2023 17:18:29,39.38,21.31,13.24,,,,
1354,06/09/2023 17:18:39,39.41,21.34,13.29,,,,
1355,06/09/2023 17:18:49,39.39,21.26,13.22,,,,
1356,06/09/2023 17:18:59,39.45,21.28,13.28,,,,
1357,06/09/2023 17:19:09,39.45,21.31,13.31,,,,
1358,06/09/2023 17:19:19,39.48,21.43,13.41,,,,
1359,06/09/2023 17:19:29,39.49,21.41,13.41,,,,
1360,06/09/2023 17:19:39,39.55,21.45,13.49,,,,
1361,06/09/2023 17:19:49,39.57,21.57,13.59,,,,
1362,06/09/2023 17:19:59,39.61,21.53,13.59,,,,
1363,06/09/2023 17:20:09,39.63,21.41,13.52,,,,
1364,06/09/2023 17:20:19,39.66,21.29,13.46,,,,
1365,06/09/2023 17:20:29,39.69,21.29,13.49,,,,
1366,06/09/2023 17:20:39,39.70,21.32,13.52,,,,
1367,06/09/2023 17:20:49,39.77,21.38,13.61,,,,
1368,06/09/2023 17:20:59,39.73,21.40,13.60,,,,
1369,06/09/2023 17:21:09,39.81,21.48,13.72,,,,
1370,06/09/2023 17:21:19,39.83,21.59,13.82,,,,
1371,06/09/2023 17:21:29,39.82,21.61,13.82,,,,
1372,06/09/2023 17:21:39,39.88,21.60,13.87,,,,
1373,06/09/2023 17:21:49,39.89,21.45,13.77,,,,
1374,06/09/2023 17:21:59,39.92,21.40,13.75,,,,
1375,06/09/2023 17:22:09,39.92,21.41,13.75,,,,
1376,06/09/2023 17:22:19,39.93,21.30,13.69,,,,
1377,06/09/2023 17:22:29,39.95,21.22,13.65,,,,
1378,06/09/2023 17:22:39,39.96,21.26,13.68,,,,
1379,06/09/2023 17:22:49,39.99,21.22,13.69,,,,
1380,06/09/2023 17:22:59,39.97,21.21,13.66,,,,
1381,06/09/2023 17:23:09,40.00,21.29,13.74,,,,
1382,06/09/2023 17:23:19,39.99,21.36,13.78,,,,
1383,06/09/2023 17:23:29,39.98,21.13,13.61,,,,
1384,06/09/2023 17:23:39,40.00,20.72,13.33,,,,
1385,06/09/2023 17:23:49,39.97,20.45,13.09,,,,
1386,06/09/2023 17:23:59,39.96,20.43,13.07,,,,
1387,06/09/2023 17:24:09,39.94,20.56,13.15,,,,
1388,06/09/2023 17:24:19,40.01,20.56,13.21,,,,
1389,06/09/2023 17:24:29,39.95,20.58,13.17,,,,
1390,06/09/2023 17:24:39,39.94,20.71,13.27,,,,
1391,06/09/2023 17:24:49,39.95,20.77,13.32,,,,
1392,06/09/2023 17:24:59,39.94,20.81,13.34,,,,
1393,06/09/2023 17:25:09,39.91,20.77,13.29,,,,
1394,06/09/2023 17:25:19,39.89,20.71,13.23,,,,
1395,06/09/2023 17:25:29,39.86,20.61,13.13,,,,
1396,06/09/2023 17:25:39,39.85,20.51,13.04,,,,
1397,06/09/2023 17:25:49,39.84,20.36,12.92,,,,
1398,06/09/2023 17:25:59,39.81,20.34,12.88,,,,
1399,06/09/2023 17:26:09,39.80,20.27,12.82,,,,
1400,06/09/2023 17:26:19,39.78,20.30,12.83,,,,
1401,06/09/2023 17:26:29,39.78,20.30,12.83,,,,
1402,06/09/2023 17:26:39,39.77,20.37,12.87,,,,
1403,06/09/2023 17:26:49,39.73,20.50,12.94,,,,
1404,06/09/2023 17:26:59,39.69,20.50,12.91,,,,
1405,06/09/2023 17:27:09,39.68,20.60,12.97,,,,
1406,06/09/2023 17:27:19,39.68,20.61,12.98,,,,
1407,06/09/2023 17:27:29,39.62,20.66,12.97,,,,
1408,06/09/2023 17:27:39,39.63,20.61,12.94,,,,
1409,06/09/2023 17:27:49,39.62,20.51,12.86,,,,
1410,06/09/2023 17:27:59,39.56,20.50,12.80,,,,
1411,06/09/2023 17:28:09,39.56,20.44,12.76,,,,
1412,06/09/2023 17:28:19,39.53,20.49,12.77,,,,
1413,06/09/2023 17:28:29,39.48,20.48,12.71,,,,
1414,06/09/2023 17:28:39,39.48,20.51,12.74,,,,
1415,06/09/2023 17:28:49,39.47,20.49,12.72,,,,
1416,06/09/2023 17:28:59,39.42,20.57,12.74,,,,
1417,06/09/2023 17:29:09,39.39,20.49,12.65,,,,
1418,06/09/2023 17:29:19,39.38,20.55,12.69,,,,
1419,06/09/2023 17:29:29,39.35,20.51,12.64,,,,
1420,06/09/2023 17:29:39,39.33,20.61,12.69,,,,
1421,06/09/2023 17:29:49,39.29,20.73,12.75,,,,
1422,06/09/2023 17:29:59,39.28,20.76,12.77,,,,
1423,06/09/2023 17:30:09,39.27,20.76,12.76,,,,
1424,06/09/2023 17:30:19,39.26,20.84,12.81,,,,
1425,06/09/2023 17:30:29,39.20,20.86,12.77,,,,
1426,06/09/2023 17:30:39,39.21,20.94,12.84,,,,
1427,06/09/2023 17:30:49,39.15,20.97,12.82,,,,
1428,06/09/2023 17:30:59,39.14,20.99,12.82,,,,
1429,06/09/2023 17:31:09,39.11,21.09,12.86,,,,
1430,06/09/2023 17:31:19,39.10,21.12,12.88,,,,
1431,06/09/2023 17:31:29,39.08,21.12,12.86,,,,
1432,06/09/2023 17:31:39,39.10,21.16,12.91,,,,
1433,06/09/2023 17:31:49,39.04,20.98,12.73,,,,
1434,06/09/2023 17:31:59,39.05,21.00,12.75,,,,
1435,06/09/2023 17:32:09,39.04,21.00,12.74,,,,
1436,06/09/2023 17:32:19,39.02,20.96,12.69,,,,
1437,06/09/2023 17:32:29,38.99,21.01,12.71,,,,
1438,06/09/2023 17:32:39,38.96,20.99,12.67,,,,
1439,06/09/2023 17:32:49,38.95,21.03,12.69,,,,
1440,06/09/2023 17:32:59,38.95,21.06,12.71,,,,
1441,06/09/2023 17:33:09,38.93,21.11,12.73,,,,
1442,06/09/2023 17:33:19,38.92,21.10,12.72,,,,
1443,06/09/2023 17:33:29,38.93,21.15,12.76,,,,
1444,06/09/2023 17:33:39,38.91,21.22,12.80,,,,
1445,06/09/2023 17:33:49,38.88,21.27,12.80,,,,
1446,06/09/2023 17:33:59,38.88,21.23,12.78,,,,
1447,06/09/2023 17:34:09,38.85,21.20,12.74,,,,
1448,06/09/2023 17:34:19,38.83,21.32,12.80,,,,
1449,06/09/2023 17:34:29,38.80,21.43,12.86,,,,
1450,06/09/2023 17:34:39,38.82,21.43,12.88,,,,
1451,06/09/2023 17:34:49,38.80,21.53,12.93,,,,
1452,06/09/2023 17:34:59,38.80,21.43,12.86,,,,
1453,06/09/2023 17:35:09,38.76,21.43,12.82,,,,
1454,06/09/2023 17:35:19,38.76,21.43,12.82,,,,
1455,06/09/2023 17:35:29,38.76,21.43,12.82,,,,
1456,06/09/2023 17:35:39,38.75,21.36,12.76,,,,
1457,06/09/2023 17:35:49,38.73,21.42,12.79,,,,
1458,06/09/2023 17:35:59,38.75,21.44,12.82,,,,
1459,06/09/2023 17:36:09,38.70,21.42,12.77,,,,
1460,06/09/2023 17:36:19,38.71,21.46,12.80,,,,
1461,06/09/2023 17:36:29,38.70,21.53,12.84,,,,
1462,06/09/2023 17:36:39,38.69,21.49,12.81,,,,
1463,06/09/2023 17:36:49,38.68,21.51,12.82,,,,
1464,06/09/2023 17:36:59,38.66,21.49,12.79,,,,
1465,06/09/2023 17:37:09,38.68,21.42,12.75,,,,
1466,06/09/2023 17:37:19,38.66,21.46,12.76,,,,
1467,06/09/2023 17:37:29,38.64,21.59,12.84,,,,
1468,06/09/2023 17:37:39,38.62,21.51,12.76,,,,
1469,06/09/2023 17:37:49,38.62,21.57,12.81,,,,
1470,06/09/2023 17:37:59,38.64,21.42,12.72,,,,
1471,06/09/2023 17:38:09,38.62,21.45,12.72,,,,
1472,06/09/2023 17:38:19,38.58,21.30,12.58,,,,
1473,06/09/2023 17:38:29,38.60,21.22,12.54,,,,
1474,06/09/2023 17:38:39,38.58,21.29,12.57,,,,
1475,06/09/2023 17:38:49,38.56,21.35,12.61,,,,
1476,06/09/2023 17:38:59,38.56,21.43,12.66,,,,
1477,06/09/2023 17:39:09,38.58,21.38,12.64,,,,
1478,06/09/2023 17:39:19,38.54,21.34,12.58,,,,
1479,06/09/2023 17:39:29,38.53,21.35,12.58,,,,
1480,06/09/2023 17:39:39,38.49,21.38,12.57,,,,
1481,06/09/2023 17:39:49,38.51,21.40,12.59,,,,
1482,06/09/2023 17:39:59,38.49,21.48,12.64,,,,
1483,06/09/2023 17:40:09,38.48,21.50,12.64,,,,
1484,06/09/2023 17:40:19,38.51,21.53,12.69,,,,
1485,06/09/2023 17:40:29,38.47,21.63,12.72,,,,
1486,06/09/2023 17:40:39,38.47,21.64,12.73,,,,
1487,06/09/2023 17:40:49,38.44,21.68,12.73,,,,
1488,06/09/2023 17:40:59,38.46,21.62,12.71,,,,
1489,06/09/2023 17:41:09,38.40,21.63,12.67,,,,
1490,06/09/2023 17:41:19,38.44,21.53,12.62,,,,
1491,06/09/2023 17:41:29,38.46,21.44,12.58,,,,
1492,06/09/2023 17:41:39,38.44,21.16,12.36,,,,
1493,06/09/2023 17:41:49,38.41,20.98,12.21,,,,
1494,06/09/2023 17:41:59,38.40,21.10,12.29,,,,
1495,06/09/2023 17:42:09,38.39,21.11,12.29,,,,
1496,06/09/2023 17:42:19,38.41,21.13,12.32,,,,
1497,06/09/2023 17:42:29,38.40,21.14,12.33,,,,
1498,06/09/2023 17:42:39,38.43,21.04,12.27,,,,
1499,06/09/2023 17:42:49,38.44,21.03,12.27,,,,
1500,06/09/2023 17:42:59,38.45,21.03,12.28,,,,
1501,06/09/2023 17:43:09,38.43,20.98,12.22,,,,
1502,06/09/2023 17:43:19,38.43,20.94,12.20,,,,
1503,06/09/2023 17:43:29,38.40,20.80,12.07,,,,
1504,06/09/2023 17:43:39,38.44,20.68,12.02,,,,
1505,06/09/2023 17:43:49,38.43,20.71,12.03,,,,
1506,06/09/2023 17:43:59,38.43,20.81,12.10,,,,
1507,06/09/2023 17:44:09,38.40,20.83,12.10,,,,
1508,06/09/2023 17:44:19,38.39,20.86,12.11,,,,
1509,06/09/2023 17:44:29,38.40,20.90,12.15,,,,
1510,06/09/2023 17:44:39,38.39,20.88,12.12,,,,
1511,06/09/2023 17:44:49,38.37,20.83,12.07,,,,
1512,06/09/2023 17:44:59,38.37,20.93,12.14,,,,
1513,06/09/2023 17:45:09,38.38,20.93,12.15,,,,
1514,06/09/2023 17:45:19,38.40,21.01,12.23,,,,
1515,06/09/2023 17:45:29,38.37,20.99,12.19,,,,
1516,06/09/2023 17:45:39,38.38,21.03,12.22,,,,
1517,06/09/2023 17:45:49,38.39,21.01,12.22,,,,
1518,06/09/2023 17:45:59,38.40,21.06,12.26,,,,
1519,06/09/2023 17:46:09,38.43,20.79,12.09,,,,
1520,06/09/2023 17:46:19,38.40,20.68,11.99,,,,
1521,06/09/2023 17:46:29,38.43,20.65,11.98,,,,
1522,06/09/2023 17:46:39,38.43,20.60,11.94,,,,
1523,06/09/2023 17:46:49,38.43,20.55,11.91,,,,
1524,06/09/2023 17:46:59,38.46,20.45,11.86,,,,
1525,06/09/2023 17:47:09,38.48,20.50,11.92,,,,
1526,06/09/2023 17:47:19,38.49,20.43,11.88,,,,
1527,06/09/2023 17:47:29,38.50,20.55,11.97,,,,
1528,06/09/2023 17:47:39,38.50,20.59,12.00,,,,
1529,06/09/2023 17:47:49,38.51,20.63,12.04,,,,
1530,06/09/2023 17:47:59,38.53,20.60,12.04,,,,
1531,06/09/2023 17:48:09,38.59,20.69,12.14,,,,
1532,06/09/2023 17:48:19,38.61,20.69,12.16,,,,
1533,06/09/2023 17:48:29,38.63,20.69,12.18,,,,
1534,06/09/2023 17:48:39,38.66,20.76,12.25,,,,
1535,06/09/2023 17:48:49,38.69,20.79,12.30,,,,
1536,06/09/2023 17:48:59,38.73,20.86,12.38,,,,
1537,06/09/2023 17:49:09,38.77,20.94,12.48,,,,
1538,06/09/2023 17:49:19,38.81,20.99,12.55,,,,
1539,06/09/2023 17:49:29,38.88,21.21,12.76,,,,
1540,06/09/2023 17:49:39,38.90,21.11,12.71,,,,
1541,06/09/2023 17:49:49,38.95,21.03,12.69,,,,
1542,06/09/2023 17:49:59,38.98,20.87,12.60,,,,
1543,06/09/2023 17:50:09,39.06,20.84,12.64,,,,
1544,06/09/2023 17:50:19,39.11,21.04,12.83,,,,
1545,06/09/2023 17:50:29,39.12,21.09,12.88,,,,
1546,06/09/2023 17:50:39,39.19,21.06,12.91,,,,
1547,06/09/2023 17:50:49,39.24,21.23,13.07,,,,
1548,06/09/2023 17:50:59,39.28,21.08,13.00,,,,
1549,06/09/2023 17:51:09,39.33,20.95,12.94,,,,
1550,06/09/2023 17:51:19,39.38,20.76,12.84,,,,
1551,06/09/2023 17:51:29,39.42,20.59,12.76,,,,
1552,06/09/2023 17:51:39,39.49,20.36,12.64,,,,
1553,06/09/2023 17:51:49,39.52,20.25,12.58,,,,
1554,06/09/2023 17:51:59,39.61,20.30,12.69,,,,
1555,06/09/2023 17:52:09,39.66,20.18,12.64,,,,
1556,06/09/2023 17:52:19,39.68,20.12,12.62,,,,
1557,06/09/2023 17:52:29,39.74,19.83,12.44,,,,
1558,06/09/2023 17:52:39,39.74,19.45,12.15,,,,
1559,06/09/2023 17:52:49,39.82,19.37,12.15,,,,
1560,06/09/2023 17:52:59,39.86,19.37,12.18,,,,
1561,06/09/2023 17:53:09,39.89,19.51,12.31,,,,
1562,06/09/2023 17:53:19,39.94,19.49,12.34,,,,
1563,06/09/2023 17:53:29,39.99,19.61,12.48,,,,
1564,06/09/2023 17:53:39,40.07,19.66,12.57,,,,
1565,06/09/2023 17:53:49,40.09,19.73,12.65,,,,
1566,06/09/2023 17:53:59,40.18,19.72,12.71,,,,
1567,06/09/2023 17:54:09,40.25,19.80,12.83,,,,
1568,06/09/2023 17:54:19,40.32,19.78,12.87,,,,
1569,06/09/2023 17:54:29,40.40,19.74,12.91,,,,
1570,06/09/2023 17:54:39,40.46,19.71,12.94,,,,
1571,06/09/2023 17:54:49,40.56,19.57,12.90,,,,
1572,06/09/2023 17:54:59,40.63,19.62,13.01,,,,
1573,06/09/2023 17:55:09,40.71,19.67,13.11,,,,
1574,06/09/2023 17:55:19,40.82,19.60,13.13,,,,
1575,06/09/2023 17:55:29,40.88,19.43,13.06,,,,
1576,06/09/2023 17:55:39,40.98,19.37,13.09,,,,
1577,06/09/2023 17:55:49,41.09,19.29,13.11,,,,
1578,06/09/2023 17:55:59,41.15,19.26,13.14,,,,
1579,06/09/2023 17:56:09,41.25,19.22,13.18,,,,
1580,06/09/2023 17:56:19,41.33,19.25,13.28,,,,
1581,06/09/2023 17:56:29,41.45,19.21,13.34,,,,
1582,06/09/2023 17:56:39,41.50,19.20,13.38,,,,
1583,06/09/2023 17:56:49,41.59,19.20,13.45,,,,
1584,06/09/2023 17:56:59,41.64,19.19,13.48,,,,
1585,06/09/2023 17:57:09,41.72,19.24,13.58,,,,
1586,06/09/2023 17:57:19,41.80,19.26,13.67,,,,
1587,06/09/2023 17:57:29,41.87,19.50,13.91,,,,
1588,06/09/2023 17:57:39,41.94,19.39,13.88,,,,
1589,06/09/2023 17:57:49,42.00,19.37,13.91,,,,
1590,06/09/2023 17:57:59,42.07,19.42,14.02,,,,
1591,06/09/2023 17:58:09,42.16,19.45,14.10,,,,
1592,06/09/2023 17:58:19,42.22,19.47,14.17,,,,
1593,06/09/2023 17:58:29,42.30,19.52,14.27,,,,
1594,06/09/2023 17:58:39,42.37,19.59,14.39,,,,
1595,06/09/2023 17:58:49,42.45,23.76,17.48,,,,
1596,06/09/2023 17:58:59,42.45,19.98,14.76,,,,
1597,06/09/2023 17:59:09,42.44,19.28,14.20,,,,
1598,06/09/2023 17:59:19,42.46,19.18,14.13,,,,
1599,06/09/2023 17:59:29,42.47,19.11,14.09,,,,
1600,06/09/2023 17:59:39,42.46,19.03,14.01,,,,
1601,06/09/2023 17:59:49,42.48,19.06,14.06,,,,
1602,06/09/2023 17:59:59,42.46,19.06,14.04,,,,
1603,06/09/2023 18:00:09,42.44,19.13,14.08,,,,
1604,06/09/2023 18:00:19,42.45,19.16,14.11,,,,
1605,06/09/2023 18:00:29,42.45,19.21,14.15,,,,
1606,06/09/2023 18:00:39,42.40,19.13,14.05,,,,
1607,06/09/2023 18:00:49,42.39,19.13,14.04,,,,
1608,06/09/2023 18:00:59,42.37,19.28,14.15,,,,
1609,06/09/2023 18:01:09,42.32,19.04,13.91,,,,
1610,06/09/2023 18:01:19,42.32,18.94,13.83,,,,
1611,06/09/2023 18:01:29,42.28,19.06,13.89,,,,
1612,06/09/2023 18:01:39,42.25,19.01,13.83,,,,
1613,06/09/2023 18:01:49,42.21,19.04,13.82,,,,
1614,06/09/2023 18:01:59,42.19,19.04,13.80,,,,
1615,06/09/2023 18:02:09,42.18,18.96,13.73,,,,
1616,06/09/2023 18:02:19,42.17,19.07,13.81,,,,
1617,06/09/2023 18:02:29,42.11,18.99,13.70,,,,
1618,06/09/2023 18:02:39,42.07,19.00,13.68,,,,
1619,06/09/2023 18:02:49,42.04,19.15,13.77,,,,
1620,06/09/2023 18:02:59,42.01,19.20,13.79,,,,
1621,06/09/2023 18:03:09,41.96,19.12,13.68,,,,
1622,06/09/2023 18:03:19,41.95,19.30,13.82,,,,
1623,06/09/2023 18:03:29,41.94,19.20,13.73,,,,
1624,06/09/2023 18:03:39,41.91,19.28,13.77,,,,
1625,06/09/2023 18:03:49,41.88,19.23,13.70,,,,
1626,06/09/2023 18:03:59,41.85,19.33,13.76,,,,
1627,06/09/2023 18:04:09,41.84,19.34,13.76,,,,
1628,06/09/2023 18:04:19,41.78,19.29,13.68,,,,
1629,06/09/2023 18:04:29,41.78,19.34,13.72,,,,
1630,06/09/2023 18:04:39,41.73,19.14,13.51,,,,
1631,06/09/2023 18:04:49,41.73,19.29,13.63,,,,
1632,06/09/2023 18:04:59,41.69,19.17,13.50,,,,
1633,06/09/2023 18:05:09,41.69,19.07,13.42,,,,
1634,06/09/2023 18:05:19,41.62,19.00,13.31,,,,
1635,06/09/2023 18:05:29,41.62,19.07,13.37,,,,
1636,06/09/2023 18:05:39,41.60,19.22,13.47,,,,
1637,06/09/2023 18:05:49,41.55,18.86,13.14,,,,
1638,06/09/2023 18:05:59,41.55,18.70,13.00,,,,
1639,06/09/2023 18:06:09,41.47,18.35,12.66,,,,
1640,06/09/2023 18:06:19,41.45,18.06,12.40,,,,
1641,06/09/2023 18:06:29,41.46,18.16,12.49,,,,
1642,06/09/2023 18:06:39,41.40,18.31,12.56,,,,
1643,06/09/2023 18:06:49,41.37,18.46,12.67,,,,
1644,06/09/2023 18:06:59,41.35,18.39,12.59,,,,
1645,06/09/2023 18:07:09,41.28,18.19,12.37,,,,
1646,06/09/2023 18:07:19,41.24,18.07,12.23,,,,
1647,06/09/2023 18:07:29,41.21,18.02,12.17,,,,
1648,06/09/2023 18:07:39,41.20,18.00,12.15,,,,
1649,06/09/2023 18:07:49,41.15,17.93,12.05,,,,
1650,06/09/2023 18:07:59,41.11,18.08,12.14,,,,
1651,06/09/2023 18:08:09,41.11,18.15,12.19,,,,
1652,06/09/2023 18:08:19,41.05,18.26,12.25,,,,
1653,06/09/2023 18:08:29,41.02,18.28,12.23,,,,
1654,06/09/2023 18:08:39,41.00,18.37,12.30,,,,
1655,06/09/2023 18:08:49,40.97,18.37,12.27,,,,
1656,06/09/2023 18:08:59,40.93,20.63,14.02,,,,
1657,06/09/2023 18:09:09,40.89,28.10,18.85,,,,
1658,06/09/2023 18:09:19,40.84,31.54,20.66,,,,
1659,06/09/2023 18:09:29,40.76,28.79,19.13,,,,
1660,06/09/2023 18:09:39,40.73,28.63,19.01,,,,
1661,06/09/2023 18:09:49,40.67,29.97,19.69,,,,
1662,06/09/2023 18:09:59,40.61,28.06,18.59,,,,
1663,06/09/2023 18:10:09,40.55,25.02,16.71,,,,
1664,06/09/2023 18:10:19,40.47,23.84,15.89,,,,
1665,06/09/2023 18:10:29,40.40,25.81,17.08,,,,
1666,06/09/2023 18:10:39,40.32,24.50,16.20,,,,
1667,06/09/2023 18:10:49,40.21,23.75,15.61,,,,
1668,06/09/2023 18:10:59,40.08,25.61,16.68,,,,
1669,06/09/2023 18:11:09,39.97,24.38,15.82,,,,
1670,06/09/2023 18:11:19,39.81,24.05,15.47,,,,
1671,06/09/2023 18:11:29,39.67,23.60,15.06,,,,
1672,06/09/2023 18:11:39,39.53,24.70,15.66,,,,
1673,06/09/2023 18:11:49,39.38,27.98,17.50,,,,
1674,06/09/2023 18:11:59,39.23,29.74,18.34,,,,
1675,06/09/2023 18:12:09,39.11,29.51,18.11,,,,
1676,06/09/2023 18:12:19,39.02,26.35,16.24,,,,
1677,06/09/2023 18:12:29,38.89,26.16,16.01,,,,
1678,06/09/2023 18:12:39,38.73,24.65,14.95,,,,
1679,06/09/2023 18:12:49,38.62,24.29,14.63,,,,
1680,06/09/2023 18:12:59,38.46,24.06,14.35,,,,
1681,06/09/2023 18:13:09,38.35,26.51,15.77,,,,
1682,06/09/2023 18:13:19,38.18,26.45,15.59,,,,
1683,06/09/2023 18:13:29,38.04,28.14,16.45,,,,
1684,06/09/2023 18:13:39,37.90,27.39,15.90,,,,
1685,06/09/2023 18:13:49,37.75,24.76,14.21,,,,
1686,06/09/2023 18:13:59,37.64,23.83,13.52,,,,
1687,06/09/2023 18:14:09,37.49,24.59,13.88,,,,
1688,06/09/2023 18:14:19,37.33,23.93,13.33,,,,
1689,06/09/2023 18:14:29,37.18,23.03,12.62,,,,
1690,06/09/2023 18:14:39,37.02,23.40,12.73,,,,
1691,06/09/2023 18:14:49,36.84,24.69,13.40,,,,
1692,06/09/2023 18:14:59,36.71,28.55,15.54,,,,
1693,06/09/2023 18:15:09,36.56,27.26,14.69,,,,
1694,06/09/2023 18:15:19,36.42,30.52,16.34,,,,
1695,06/09/2023 18:15:29,36.29,27.36,14.52,,,,
1696,06/09/2023 18:15:39,36.16,27.00,14.21,,,,
1697,06/09/2023 18:15:49,36.02,31.66,16.57,,,,
1698,06/09/2023 18:15:59,35.90,34.65,17.90,,,,
1699,06/09/2023 18:16:09,35.84,35.76,18.34,,,,
1700,06/09/2023 18:16:19,35.72,36.57,18.60,,,,
1701,06/09/2023 18:16:29,35.62,37.43,18.88,,,,
1702,06/09/2023 18:16:39,35.54,38.21,19.14,,,,
1703,06/09/2023 18:16:49,35.44,38.91,19.35,,,,
1704,06/09/2023 18:16:59,35.37,39.60,19.56,,,,
1705,06/09/2023 18:17:09,35.28,40.19,19.73,,,,
1706,06/09/2023 18:17:19,35.21,40.69,19.86,,,,
1707,06/09/2023 18:17:29,35.15,41.10,19.98,,,,
1708,06/09/2023 18:17:39,35.07,41.54,20.07,,,,
1709,06/09/2023 18:17:49,34.99,41.87,20.13,,,,
1710,06/09/2023 18:17:59,34.91,42.25,20.20,,,,
1711,06/09/2023 18:18:09,34.88,42.49,20.26,,,,
1712,06/09/2023 18:18:19,34.82,42.80,20.33,,,,
1713,06/09/2023 18:18:29,34.76,43.04,20.36,,,,
1714,06/09/2023 18:18:39,34.71,43.25,20.41,,,,
1715,06/09/2023 18:18:49,34.65,43.52,20.45,,,,
1716,06/09/2023 18:18:59,34.60,43.70,20.47,,,,
1717,06/09/2023 18:19:09,34.54,43.98,20.52,,,,
1718,06/09/2023 18:19:19,34.50,44.22,20.57,,,,
1719,06/09/2023 18:19:29,34.48,44.34,20.60,,,,
1720,06/09/2023 18:19:39,34.40,44.51,20.59,,,,
1721,06/09/2023 18:19:49,34.38,44.68,20.64,,,,
1722,06/09/2023 18:19:59,34.32,44.83,20.63,,,,
1723,06/09/2023 18:20:09,34.27,44.96,20.64,,,,
1724,06/09/2023 18:20:19,34.23,45.13,20.66,,,,
1725,06/09/2023 18:20:29,34.19,45.24,20.66,,,,
1726,06/09/2023 18:20:39,34.14,45.39,20.67,,,,
1727,06/09/2023 18:20:49,34.11,45.50,20.69,,,,
1728,06/09/2023 18:20:59,34.06,45.59,20.67,,,,
1729,06/09/2023 18:21:09,34.04,45.69,20.69,,,,
1730,06/09/2023 18:21:19,34.00,45.81,20.69,,,,
1731,06/09/2023 18:21:29,33.95,45.86,20.67,,,,
1732,06/09/2023 18:21:39,33.91,45.98,20.67,,,,
1733,06/09/2023 18:21:49,33.89,46.11,20.70,,,,
1734,06/09/2023 18:21:59,33.85,46.15,20.68,,,,
1735,06/09/2023 18:22:09,33.78,46.26,20.66,,,,
1736,06/09/2023 18:22:19,33.75,46.32,20.65,,,,
1737,06/09/2023 18:22:29,33.73,46.42,20.66,,,,
1738,06/09/2023 18:22:39,33.70,47.04,20.85,,,,
1739,06/09/2023 18:22:49,33.64,48.45,21.28,,,,
1740,06/09/2023 18:22:57,,,,Logged,,,
1741,06/09/2023 18:22:59,33.63,49.63,21.67,Logged,,,
1742,06/09/2023 18:23:07,,,,Logged,,,
1743,06/09/2023 18:23:09,33.60,31.48,14.39,,,,
1744,06/09/2023 18:23:19,33.52,27.73,12.37,,,,
1745,06/09/2023 18:23:29,33.41,26.61,11.65,,,,
1746,06/09/2023 18:23:39,33.27,25.93,11.14,,,,
1747,06/09/2023 18:23:49,33.09,25.50,10.74,,,,
1748,06/09/2023 18:23:59,32.93,25.41,10.56,,,,
1749,06/09/2023 18:24:09,32.76,25.22,10.30,,,,
1750,06/09/2023 18:24:19,32.58,25.13,10.09,,,,
1751,06/09/2023 18:24:29,32.38,25.08,9.89,,,,
1752,06/09/2023 18:24:39,32.19,25.13,9.76,,,,
1753,06/09/2023 18:24:49,32.01,25.01,9.54,,,,
1754,06/09/2023 18:24:59,31.79,25.04,9.37,,,,
1755,06/09/2023 18:25:09,31.63,25.14,9.29,,,,
1756,06/09/2023 18:25:19,31.44,25.32,9.25,,,,
1757,06/09/2023 18:25:29,31.24,25.46,9.16,,,,
1758,06/09/2023 18:25:39,31.05,25.50,9.01,,,,
1759,06/09/2023 18:25:49,30.87,25.81,9.05,,,,
1760,06/09/2023 18:25:59,30.67,25.83,8.89,,,,
1761,06/09/2023 18:26:09,30.48,26.10,8.88,,,,
1762,06/09/2023 18:26:19,30.34,26.04,8.73,,,,
1763,06/09/2023 18:26:21,,,,Logged,,,
1764,06/09/2023 18:26:29,30.17,26.15,8.64,,,,
1765,06/09/2023 18:26:39,30.00,26.15,8.50,,,,
1766,06/09/2023 18:26:42,,,,Logged,,,
1767,06/09/2023 18:26:49,29.81,28.06,9.39,,,,
1768,06/09/2023 18:26:50,,,,Logged,,,
1769,06/09/2023 18:26:51,,,,Logged,,,
1770,06/09/2023 18:26:58,,,,Logged,,,
1771,06/09/2023 18:26:59,29.77,27.31,8.95,,,,
1772,06/09/2023 18:27:02,,,,Logged,,,
1773,06/09/2023 18:27:08,,,,Logged,,,
1774,06/09/2023 18:27:09,29.67,26.61,8.48,,,,
1775,06/09/2023 18:27:19,29.54,26.52,8.33,,,,
1776,06/09/2023 18:27:23,,,,Logged,,,
1777,06/09/2023 18:27:24,,,,Logged,,,
1778,06/09/2023 18:27:26,,,,Logged,,,
1779,06/09/2023 18:27:27,,,,Logged,,,
1780,06/09/2023 18:27:29,29.43,27.98,9.02,,,,
1781,06/09/2023 18:27:34,,,,,Logged,,
1782,06/09/2023 18:27:39,29.24,27.05,8.36,,,,
1783,06/09/2023 18:27:49,29.14,26.86,8.17,,,,
1784,06/09/2023 18:27:53,,,,,,Logged,Logged
