#,Date-Time (CDT),Ch:1 - Temperature   (°C),Ch:2 - RH   (%),Dew Point   (°C),Button Down,Host Connected,End of File
1,05/27/2024 16:03:50,23.01,30.05,4.55,,,
2,05/27/2024 16:03:59,,,,Logged,,
3,05/27/2024 16:04:50,23.25,29.84,4.65,,,
4,05/27/2024 16:05:50,23.42,29.86,4.81,,,
5,05/27/2024 16:06:50,23.55,28.70,4.35,,,
6,05/27/2024 16:07:50,23.68,28.02,4.12,,,
7,05/27/2024 16:08:50,23.74,27.81,4.07,,,
8,05/27/2024 16:09:50,23.83,27.75,4.11,,,
9,05/27/2024 16:10:50,23.85,27.25,3.87,,,
10,05/27/2024 16:11:50,23.87,27.43,3.98,,,
11,05/27/2024 16:12:50,23.91,26.54,3.55,,,
12,05/27/2024 16:13:50,23.90,26.70,3.63,,,
13,05/27/2024 16:14:50,23.87,26.61,3.55,,,
14,05/27/2024 16:15:50,23.83,26.39,3.39,,,
15,05/27/2024 16:16:50,23.77,26.49,3.40,,,
16,05/27/2024 16:17:50,23.72,26.62,3.43,,,
17,05/27/2024 16:18:50,23.62,26.67,3.37,,,
18,05/27/2024 16:19:50,23.52,26.74,3.32,,,
19,05/27/2024 16:20:50,23.42,27.01,3.38,,,
20,05/27/2024 16:21:50,23.31,27.47,3.52,,,
21,05/27/2024 16:22:50,23.20,27.92,3.65,,,
22,05/27/2024 16:23:50,23.06,28.28,3.72,,,
23,05/27/2024 16:24:50,22.92,28.37,3.64,,,
24,05/27/2024 16:25:50,22.83,28.59,3.68,,,
25,05/27/2024 16:26:50,22.68,28.75,3.63,,,
26,05/27/2024 16:27:50,22.60,28.85,3.60,,,
27,05/27/2024 16:28:50,22.49,28.89,3.53,,,
28,05/27/2024 16:29:50,22.37,29.01,3.49,,,
29,05/27/2024 16:30:50,22.27,29.18,3.49,,,
30,05/27/2024 16:31:50,22.14,29.38,3.47,,,
31,05/27/2024 16:32:50,22.08,29.61,3.53,,,
32,05/27/2024 16:33:50,21.97,29.68,3.47,,,
33,05/27/2024 16:34:50,21.89,29.51,3.31,,,
34,05/27/2024 16:35:50,21.83,29.37,3.20,,,
35,05/27/2024 16:36:50,21.70,29.55,3.18,,,
36,05/27/2024 16:37:50,21.61,29.65,3.14,,,
37,05/27/2024 16:38:50,21.57,29.76,3.16,,,
38,05/27/2024 16:39:50,21.44,29.75,3.04,,,
39,05/27/2024 16:40:50,21.40,29.76,3.02,,,
40,05/27/2024 16:41:50,21.28,29.89,2.97,,,
41,05/27/2024 16:42:50,21.20,30.09,3.00,,,
42,05/27/2024 16:43:50,21.14,30.48,3.12,,,
43,05/27/2024 16:44:50,21.06,31.03,3.31,,,
44,05/27/2024 16:45:50,21.04,31.09,3.32,,,
45,05/27/2024 16:46:50,21.05,30.89,3.24,,,
46,05/27/2024 16:47:50,21.04,31.04,3.29,,,
47,05/27/2024 16:48:50,21.10,30.91,3.29,,,
48,05/27/2024 16:49:50,21.18,30.75,3.28,,,
49,05/27/2024 16:50:50,21.22,31.25,3.55,,,
50,05/27/2024 16:51:50,21.27,31.60,3.75,,,
51,05/27/2024 16:52:50,21.35,31.47,3.76,,,
52,05/27/2024 16:53:50,21.43,31.64,3.90,,,
53,05/27/2024 16:54:50,21.47,31.55,3.90,,,
54,05/27/2024 16:55:50,21.58,31.51,3.97,,,
55,05/27/2024 16:56:50,21.65,31.53,4.05,,,
56,05/27/2024 16:57:50,21.74,31.21,3.98,,,
57,05/27/2024 16:58:50,21.82,30.89,3.91,,,
58,05/27/2024 16:59:50,21.89,30.73,3.89,,,
59,05/27/2024 17:00:50,21.96,30.76,3.97,,,
60,05/27/2024 17:01:50,22.04,30.35,3.84,,,
61,05/27/2024 17:02:50,22.14,30.27,3.90,,,
62,05/27/2024 17:03:50,22.22,29.81,3.75,,,
63,05/27/2024 17:04:50,22.29,29.76,3.79,,,
64,05/27/2024 17:05:50,22.37,29.65,3.80,,,
65,05/27/2024 17:06:50,22.41,29.40,3.71,,,
66,05/27/2024 17:07:50,22.50,28.80,3.50,,,
67,05/27/2024 17:08:50,22.54,28.62,3.45,,,
68,05/27/2024 17:09:50,22.64,28.45,3.44,,,
69,05/27/2024 17:10:50,22.71,28.38,3.47,,,
70,05/27/2024 17:11:50,22.75,28.34,3.48,,,
71,05/27/2024 17:12:50,22.82,27.92,3.33,,,
72,05/27/2024 17:13:50,22.87,27.92,3.38,,,
73,05/27/2024 17:14:50,22.93,28.00,3.47,,,
74,05/27/2024 17:15:50,22.97,28.23,3.62,,,
75,05/27/2024 17:16:50,23.02,27.61,3.35,,,
76,05/27/2024 17:17:50,23.09,28.23,3.72,,,
77,05/27/2024 17:18:50,23.14,27.85,3.57,,,
78,05/27/2024 17:19:50,23.22,27.71,3.57,,,
79,05/27/2024 17:20:50,23.28,27.40,3.46,,,
80,05/27/2024 17:21:50,23.34,27.31,3.46,,,
81,05/27/2024 17:22:50,23.35,27.21,3.42,,,
82,05/27/2024 17:23:50,23.41,27.16,3.45,,,
83,05/27/2024 17:24:50,23.46,26.99,3.40,,,
84,05/27/2024 17:25:50,23.52,27.12,3.52,,,
85,05/27/2024 17:26:50,23.55,27.12,3.55,,,
86,05/27/2024 17:27:50,23.57,26.92,3.46,,,
87,05/27/2024 17:28:50,23.60,26.98,3.52,,,
88,05/27/2024 17:29:50,23.62,27.26,3.69,,,
89,05/27/2024 17:30:50,23.67,27.03,3.60,,,
90,05/27/2024 17:31:50,23.69,27.02,3.61,,,
91,05/27/2024 17:32:50,23.75,27.11,3.71,,,
92,05/27/2024 17:33:50,23.81,26.79,3.59,,,
93,05/27/2024 17:34:50,23.82,26.67,3.54,,,
94,05/27/2024 17:35:50,23.84,26.61,3.52,,,
95,05/27/2024 17:36:50,23.85,26.64,3.55,,,
96,05/27/2024 17:37:50,23.82,26.58,3.49,,,
97,05/27/2024 17:38:50,23.79,26.25,3.28,,,
98,05/27/2024 17:39:50,23.74,26.17,3.21,,,
99,05/27/2024 17:40:50,23.68,26.20,3.17,,,
100,05/27/2024 17:41:50,23.59,26.31,3.15,,,
101,05/27/2024 17:42:50,23.47,26.32,3.06,,,
102,05/27/2024 17:43:50,23.38,26.40,3.02,,,
103,05/27/2024 17:44:50,23.25,26.41,2.91,,,
104,05/27/2024 17:45:50,23.15,26.40,2.83,,,
105,05/27/2024 17:46:50,23.05,26.36,2.71,,,
106,05/27/2024 17:47:50,22.94,26.52,2.71,,,
107,05/27/2024 17:48:50,22.81,26.69,2.69,,,
108,05/27/2024 17:49:50,22.67,26.77,2.61,,,
109,05/27/2024 17:50:50,22.60,27.03,2.68,,,
110,05/27/2024 17:51:50,22.48,26.99,2.56,,,
111,05/27/2024 17:52:50,22.38,27.08,2.53,,,
112,05/27/2024 17:53:50,22.25,27.40,2.58,,,
113,05/27/2024 17:54:50,22.13,27.51,2.54,,,
114,05/27/2024 17:55:50,22.04,27.69,2.55,,,
115,05/27/2024 17:56:50,21.95,28.27,2.76,,,
116,05/27/2024 17:57:50,21.87,28.35,2.73,,,
117,05/27/2024 17:58:50,21.76,28.39,2.66,,,
118,05/27/2024 17:59:50,21.66,28.50,2.63,,,
119,05/27/2024 18:00:50,21.61,28.27,2.47,,,
120,05/27/2024 18:01:50,21.51,28.10,2.30,,,
121,05/27/2024 18:02:50,21.42,28.11,2.22,,,
122,05/27/2024 18:03:50,21.35,28.12,2.17,,,
123,05/27/2024 18:04:50,21.28,28.79,2.44,,,
124,05/27/2024 18:05:50,21.18,28.74,2.33,,,
125,05/27/2024 18:06:50,21.11,28.72,2.27,,,
126,05/27/2024 18:07:50,21.03,28.76,2.21,,,
127,05/27/2024 18:08:50,20.95,28.83,2.18,,,
128,05/27/2024 18:09:50,20.91,29.13,2.29,,,
129,05/27/2024 18:10:50,20.80,29.15,2.21,,,
130,05/27/2024 18:11:50,20.74,29.59,2.36,,,
131,05/27/2024 18:12:50,20.69,29.89,2.46,,,
132,05/27/2024 18:13:50,20.59,29.98,2.42,,,
133,05/27/2024 18:14:50,20.54,29.88,2.32,,,
134,05/27/2024 18:15:50,20.47,29.76,2.21,,,
135,05/27/2024 18:16:50,20.47,29.61,2.14,,,
136,05/27/2024 18:17:50,20.45,29.55,2.09,,,
137,05/27/2024 18:18:50,20.45,29.51,2.07,,,
138,05/27/2024 18:19:50,20.45,29.67,2.15,,,
139,05/27/2024 18:20:50,20.49,29.87,2.28,,,
140,05/27/2024 18:21:50,20.55,29.90,2.34,,,
141,05/27/2024 18:22:50,20.59,29.91,2.38,,,
142,05/27/2024 18:23:50,20.65,30.00,2.48,,,
143,05/27/2024 18:24:50,20.75,29.83,2.48,,,
144,05/27/2024 18:25:50,20.80,29.91,2.57,,,
145,05/27/2024 18:26:50,20.86,30.24,2.77,,,
146,05/27/2024 18:27:50,20.95,30.33,2.90,,,
147,05/27/2024 18:28:50,21.03,30.50,3.04,,,
148,05/27/2024 18:29:50,21.09,30.14,2.93,,,
149,05/27/2024 18:30:50,21.20,30.51,3.19,,,
150,05/27/2024 18:31:50,21.24,30.20,3.08,,,
151,05/27/2024 18:32:50,21.37,29.99,3.10,,,
152,05/27/2024 18:33:50,21.42,29.57,2.94,,,
153,05/27/2024 18:34:50,21.52,29.49,2.99,,,
154,05/27/2024 18:35:50,21.60,29.45,3.04,,,
155,05/27/2024 18:36:50,21.73,28.62,2.74,,,
156,05/27/2024 18:37:50,21.76,27.62,2.27,,,
157,05/27/2024 18:38:50,21.88,26.93,2.02,,,
158,05/27/2024 18:39:50,21.95,26.99,2.12,,,
159,05/27/2024 18:40:50,22.01,26.57,1.94,,,
160,05/27/2024 18:41:50,22.11,26.24,1.86,,,
161,05/27/2024 18:42:50,22.19,25.65,1.60,,,
162,05/27/2024 18:43:50,22.25,25.30,1.47,,,
163,05/27/2024 18:44:50,22.33,24.99,1.36,,,
164,05/27/2024 18:45:50,22.36,24.78,1.26,,,
165,05/27/2024 18:46:50,22.44,24.81,1.36,,,
166,05/27/2024 18:47:50,22.52,24.40,1.19,,,
167,05/27/2024 18:48:50,22.60,24.34,1.22,,,
168,05/27/2024 18:49:50,22.65,24.17,1.16,,,
169,05/27/2024 18:50:50,22.73,24.45,1.40,,,
170,05/27/2024 18:51:50,22.79,24.06,1.22,,,
171,05/27/2024 18:52:50,22.83,23.87,1.14,,,
172,05/27/2024 18:53:50,22.88,23.62,1.04,,,
173,05/27/2024 18:54:50,22.97,23.95,1.31,,,
174,05/27/2024 18:55:50,23.02,23.73,1.23,,,
175,05/27/2024 18:56:50,23.05,23.36,1.03,,,
176,05/27/2024 18:57:50,23.12,23.16,0.97,,,
177,05/27/2024 18:58:50,23.17,23.24,1.06,,,
178,05/27/2024 18:59:50,23.25,22.99,0.97,,,
179,05/27/2024 19:00:50,23.30,22.01,0.42,,,
180,05/27/2024 19:01:50,23.34,22.09,0.49,,,
181,05/27/2024 19:02:50,23.37,22.65,0.87,,,
182,05/27/2024 19:03:50,23.39,22.41,0.74,,,
183,05/27/2024 19:04:50,23.38,22.35,0.69,,,
184,05/27/2024 19:05:50,23.32,21.74,0.26,,,
185,05/27/2024 19:06:50,23.25,21.48,0.04,,,
186,05/27/2024 19:07:50,23.22,21.83,0.23,,,
187,05/27/2024 19:08:50,23.14,21.75,0.12,,,
188,05/27/2024 19:09:50,23.03,21.85,0.09,,,
189,05/27/2024 19:10:50,22.93,21.94,0.06,,,
190,05/27/2024 19:11:50,22.85,21.97,0.01,,,
191,05/27/2024 19:12:50,22.71,21.85,-0.18,,,
192,05/27/2024 19:13:50,22.57,21.99,-0.21,,,
193,05/27/2024 19:14:50,22.50,22.22,-0.13,,,
194,05/27/2024 19:15:50,22.38,22.13,-0.28,,,
195,05/27/2024 19:16:50,22.29,22.01,-0.42,,,
196,05/27/2024 19:17:50,22.20,22.18,-0.40,,,
197,05/27/2024 19:18:50,22.08,22.30,-0.42,,,
198,05/27/2024 19:19:50,21.95,22.44,-0.45,,,
199,05/27/2024 19:20:50,21.87,22.54,-0.46,,,
200,05/27/2024 19:21:50,21.75,22.68,-0.47,,,
201,05/27/2024 19:22:50,21.67,22.45,-0.67,,,
202,05/27/2024 19:23:50,21.54,22.51,-0.74,,,
203,05/27/2024 19:24:50,21.48,22.45,-0.83,,,
204,05/27/2024 19:25:50,21.35,22.57,-0.87,,,
205,05/27/2024 19:26:50,21.28,22.58,-0.92,,,
206,05/27/2024 19:27:50,21.18,22.66,-0.96,,,
207,05/27/2024 19:28:50,21.05,22.95,-0.89,,,
208,05/27/2024 19:29:50,20.96,23.03,-0.92,,,
209,05/27/2024 19:30:50,20.88,23.05,-0.98,,,
210,05/27/2024 19:31:50,20.80,23.15,-0.98,,,
211,05/27/2024 19:32:50,20.71,23.13,-1.08,,,
212,05/27/2024 19:33:50,20.63,23.31,-1.03,,,
213,05/27/2024 19:34:50,20.54,23.26,-1.14,,,
214,05/27/2024 19:35:50,20.48,23.79,-0.88,,,
215,05/27/2024 19:36:50,20.43,23.92,-0.85,,,
216,05/27/2024 19:37:50,20.43,23.76,-0.94,,,
217,05/27/2024 19:38:50,20.48,23.82,-0.86,,,
218,05/27/2024 19:39:50,20.53,23.81,-0.83,,,
219,05/27/2024 19:40:50,20.57,23.81,-0.80,,,
220,05/27/2024 19:41:50,20.61,23.99,-0.66,,,
221,05/27/2024 19:42:50,20.64,23.89,-0.69,,,
222,05/27/2024 19:43:50,20.74,23.90,-0.60,,,
223,05/27/2024 19:44:50,20.85,24.45,-0.20,,,
224,05/27/2024 19:45:50,20.90,24.38,-0.19,,,
225,05/27/2024 19:46:50,20.96,24.96,0.19,,,
226,05/27/2024 19:47:50,21.05,24.72,0.12,,,
227,05/27/2024 19:48:50,21.14,24.86,0.28,,,
228,05/27/2024 19:49:50,21.27,24.48,0.17,,,
229,05/27/2024 19:50:50,21.37,24.78,0.43,,,
230,05/27/2024 19:51:50,21.43,24.68,0.42,,,
231,05/27/2024 19:52:50,21.55,25.13,0.78,,,
232,05/27/2024 19:53:50,21.64,24.59,0.55,,,
233,05/27/2024 19:54:50,21.74,25.22,0.98,,,
234,05/27/2024 19:55:50,21.83,24.53,0.68,,,
235,05/27/2024 19:56:50,21.89,24.55,0.74,,,
236,05/27/2024 19:57:50,22.03,24.50,0.83,,,
237,05/27/2024 19:58:50,22.08,24.74,1.01,,,
238,05/27/2024 19:59:50,22.20,24.42,0.93,,,
239,05/27/2024 20:00:50,22.27,24.31,0.93,,,
240,05/27/2024 20:01:50,22.37,24.36,1.04,,,
241,05/27/2024 20:02:50,22.38,24.39,1.07,,,
242,05/27/2024 20:03:50,22.49,24.62,1.28,,,
243,05/27/2024 20:04:50,22.56,24.61,1.34,,,
244,05/27/2024 20:05:50,22.67,24.94,1.62,,,
245,05/27/2024 20:06:50,22.70,24.96,1.66,,,
246,05/27/2024 20:07:50,22.79,25.37,1.96,,,
247,05/27/2024 20:08:50,22.86,25.59,2.14,,,
248,05/27/2024 20:09:50,22.93,25.89,2.36,,,
249,05/27/2024 20:10:50,22.99,25.84,2.39,,,
250,05/27/2024 20:11:50,23.06,25.93,2.49,,,
251,05/27/2024 20:12:50,23.07,26.13,2.61,,,
252,05/27/2024 20:13:50,23.16,26.44,2.86,,,
253,05/27/2024 20:14:50,23.17,26.50,2.90,,,
254,05/27/2024 20:15:50,23.25,26.60,3.02,,,
255,05/27/2024 20:16:50,23.32,26.84,3.21,,,
256,05/27/2024 20:17:50,23.36,26.98,3.31,,,
257,05/27/2024 20:18:50,23.36,27.08,3.36,,,
258,05/27/2024 20:19:50,23.35,27.03,3.32,,,
259,05/27/2024 20:20:50,23.34,27.16,3.38,,,
260,05/27/2024 20:21:50,23.32,27.29,3.44,,,
261,05/27/2024 20:22:50,23.25,27.46,3.46,,,
262,05/27/2024 20:23:50,23.14,27.53,3.41,,,
263,05/27/2024 20:24:50,23.07,27.68,3.42,,,
264,05/27/2024 20:25:50,22.99,27.75,3.39,,,
265,05/27/2024 20:26:50,22.91,28.04,3.47,,,
266,05/27/2024 20:27:50,22.80,28.61,3.66,,,
267,05/27/2024 20:28:50,22.73,29.75,4.16,,,
268,05/27/2024 20:29:50,22.61,30.56,4.43,,,
269,05/27/2024 20:30:50,22.50,31.72,4.87,,,
270,05/27/2024 20:31:50,22.39,32.57,5.16,,,
271,05/27/2024 20:32:50,22.28,33.57,5.50,,,
272,05/27/2024 20:33:50,22.26,33.96,5.65,,,
273,05/27/2024 20:34:50,22.14,34.36,5.71,,,
274,05/27/2024 20:35:50,22.08,34.65,5.78,,,
275,05/27/2024 20:36:50,21.98,35.37,5.99,,,
276,05/27/2024 20:37:50,21.94,36.13,6.26,,,
277,05/27/2024 20:38:50,21.83,36.59,6.35,,,
278,05/27/2024 20:39:50,21.77,36.92,6.42,,,
279,05/27/2024 20:40:50,21.67,37.43,6.53,,,
280,05/27/2024 20:41:50,21.59,37.95,6.66,,,
281,05/27/2024 20:42:50,21.52,38.78,6.92,,,
282,05/27/2024 20:43:50,21.44,38.84,6.87,,,
283,05/27/2024 20:44:50,21.36,39.44,7.02,,,
284,05/27/2024 20:45:50,21.31,39.23,6.89,,,
285,05/27/2024 20:46:50,21.25,39.40,6.91,,,
286,05/27/2024 20:47:50,21.21,39.74,7.00,,,
287,05/27/2024 20:48:50,21.15,39.86,6.98,,,
288,05/27/2024 20:49:50,21.09,40.35,7.11,,,
289,05/27/2024 20:50:50,21.02,39.93,6.89,,,
290,05/27/2024 20:51:50,21.00,40.47,7.07,,,
291,05/27/2024 20:52:50,21.02,41.05,7.30,,,
292,05/27/2024 20:53:50,21.01,41.42,7.42,,,
293,05/27/2024 20:54:50,21.06,41.07,7.34,,,
294,05/27/2024 20:55:50,21.09,41.02,7.35,,,
295,05/27/2024 20:56:50,21.14,41.62,7.61,,,
296,05/27/2024 20:57:50,21.20,41.00,7.44,,,
297,05/27/2024 20:58:50,21.27,40.68,7.39,,,
298,05/27/2024 20:59:50,21.37,40.66,7.48,,,
299,05/27/2024 21:00:50,21.42,40.57,7.48,,,
300,05/27/2024 21:01:50,21.48,39.84,7.27,,,
301,05/27/2024 21:02:50,21.55,40.45,7.56,,,
302,05/27/2024 21:03:50,21.62,39.97,7.45,,,
303,05/27/2024 21:04:50,21.67,39.77,7.42,,,
304,05/27/2024 21:05:50,21.76,39.74,7.49,,,
305,05/27/2024 21:06:50,21.83,39.90,7.61,,,
306,05/27/2024 21:07:50,21.94,40.22,7.83,,,
307,05/27/2024 21:08:50,21.98,40.49,7.96,,,
308,05/27/2024 21:09:50,22.06,40.39,7.99,,,
309,05/27/2024 21:10:50,22.11,40.09,7.93,,,
310,05/27/2024 21:11:50,22.23,40.24,8.09,,,
311,05/27/2024 21:12:50,22.26,40.10,8.07,,,
312,05/27/2024 21:13:50,22.37,40.18,8.20,,,
313,05/27/2024 21:14:50,22.46,40.32,8.32,,,
314,05/27/2024 21:15:50,22.55,40.41,8.44,,,
315,05/27/2024 21:16:50,22.62,39.98,8.34,,,
316,05/27/2024 21:17:50,22.69,39.43,8.20,,,
317,05/27/2024 21:18:50,22.77,39.76,8.40,,,
318,05/27/2024 21:19:50,22.83,39.75,8.45,,,
319,05/27/2024 21:20:50,22.91,39.76,8.52,,,
320,05/27/2024 21:21:50,22.97,39.51,8.48,,,
321,05/27/2024 21:22:50,23.07,39.44,8.54,,,
322,05/27/2024 21:23:50,23.14,39.20,8.52,,,
323,05/27/2024 21:24:50,23.18,39.38,8.63,,,
324,05/27/2024 21:25:50,23.26,39.20,8.63,,,
325,05/27/2024 21:26:50,23.31,39.26,8.70,,,
326,05/27/2024 21:27:50,23.40,39.27,8.78,,,
327,05/27/2024 21:28:50,23.50,39.44,8.93,,,
328,05/27/2024 21:29:50,23.54,39.45,8.97,,,
329,05/27/2024 21:30:50,23.60,39.58,9.08,,,
330,05/27/2024 21:31:50,23.66,39.23,8.99,,,
331,05/27/2024 21:32:50,23.70,39.21,9.02,,,
332,05/27/2024 21:33:50,23.75,39.49,9.17,,,
333,05/27/2024 21:34:50,23.83,39.23,9.15,,,
334,05/27/2024 21:35:50,23.85,39.61,9.31,,,
335,05/27/2024 21:36:50,23.85,39.52,9.27,,,
336,05/27/2024 21:37:50,23.96,40.29,9.66,,,
337,05/27/2024 21:38:50,23.99,40.28,9.68,,,
338,05/27/2024 21:39:50,23.99,39.83,9.51,,,
339,05/27/2024 21:40:50,24.02,39.75,9.51,,,
340,05/27/2024 21:41:50,23.97,40.14,9.61,,,
341,05/27/2024 21:42:50,23.95,40.07,9.57,,,
342,05/27/2024 21:43:50,23.85,40.25,9.55,,,
343,05/27/2024 21:44:50,23.75,40.41,9.52,,,
344,05/27/2024 21:45:50,23.68,40.58,9.51,,,
345,05/27/2024 21:46:50,23.59,40.59,9.44,,,
346,05/27/2024 21:47:50,23.47,40.50,9.30,,,
347,05/27/2024 21:48:50,23.39,41.28,9.51,,,
348,05/27/2024 21:49:50,23.25,41.41,9.43,,,
349,05/27/2024 21:50:50,23.17,41.63,9.44,,,
350,05/27/2024 21:51:50,23.07,42.07,9.50,,,
351,05/27/2024 21:52:50,22.97,42.20,9.46,,,
352,05/27/2024 21:53:50,22.85,42.65,9.51,,,
353,05/27/2024 21:54:50,22.72,42.93,9.49,,,
354,05/27/2024 21:55:50,22.63,42.98,9.42,,,
355,05/27/2024 21:56:50,22.54,42.93,9.33,,,
356,05/27/2024 21:57:50,22.46,43.55,9.46,,,
357,05/27/2024 21:58:50,22.35,44.16,9.58,,,
358,05/27/2024 21:59:50,22.25,44.19,9.50,,,
359,05/27/2024 22:00:50,22.14,44.49,9.50,,,
360,05/27/2024 22:01:50,22.07,44.77,9.53,,,
361,05/27/2024 22:02:50,22.01,45.05,9.56,,,
362,05/27/2024 22:03:50,21.89,45.16,9.49,,,
363,05/27/2024 22:04:50,21.82,45.75,9.62,,,
364,05/27/2024 22:05:50,21.73,45.57,9.48,,,
365,05/27/2024 22:06:50,21.66,45.86,9.51,,,
366,05/27/2024 22:07:50,21.60,45.89,9.46,,,
367,05/27/2024 22:08:50,21.52,46.17,9.49,,,
368,05/27/2024 22:09:50,21.45,46.44,9.51,,,
369,05/27/2024 22:10:50,21.40,46.30,9.42,,,
370,05/27/2024 22:11:50,21.30,46.61,9.42,,,
371,05/27/2024 22:12:50,21.25,46.66,9.40,,,
372,05/27/2024 22:13:50,21.16,46.84,9.37,,,
373,05/27/2024 22:14:50,21.08,47.26,9.43,,,
374,05/27/2024 22:15:50,21.03,47.05,9.32,,,
375,05/27/2024 22:16:50,21.02,47.15,9.34,,,
376,05/27/2024 22:17:50,20.92,47.41,9.33,,,
377,05/27/2024 22:18:50,20.86,47.44,9.28,,,
378,05/27/2024 22:19:50,20.83,48.15,9.48,,,
379,05/27/2024 22:20:50,20.86,47.78,9.39,,,
380,05/27/2024 22:21:50,20.89,47.90,9.46,,,
381,05/27/2024 22:22:50,20.88,47.63,9.36,,,
382,05/27/2024 22:23:50,20.94,47.78,9.47,,,
383,05/27/2024 22:24:50,21.03,47.76,9.54,,,
384,05/27/2024 22:25:50,21.09,47.07,9.38,,,
385,05/27/2024 22:26:50,21.17,46.93,9.41,,,
386,05/27/2024 22:27:50,21.22,46.93,9.46,,,
387,05/27/2024 22:28:50,21.30,47.03,9.56,,,
388,05/27/2024 22:29:50,21.37,47.03,9.63,,,
389,05/27/2024 22:30:50,21.48,46.37,9.51,,,
390,05/27/2024 22:31:50,21.58,46.52,9.65,,,
391,05/27/2024 22:32:50,21.63,46.49,9.69,,,
392,05/27/2024 22:33:50,21.72,46.06,9.63,,,
393,05/27/2024 22:34:50,21.80,45.99,9.68,,,
394,05/27/2024 22:35:50,21.91,45.67,9.68,,,
395,05/27/2024 22:36:50,21.99,45.38,9.66,,,
396,05/27/2024 22:37:50,22.10,45.15,9.68,,,
397,05/27/2024 22:38:50,22.18,44.95,9.68,,,
398,05/27/2024 22:39:50,22.28,44.56,9.65,,,
399,05/27/2024 22:40:50,22.39,44.56,9.75,,,
400,05/27/2024 22:41:50,22.46,44.64,9.83,,,
401,05/27/2024 22:42:50,22.54,44.65,9.91,,,
402,05/27/2024 22:43:50,22.65,44.30,9.89,,,
403,05/27/2024 22:44:50,22.70,44.24,9.92,,,
404,05/27/2024 22:45:50,22.78,44.21,9.98,,,
405,05/27/2024 22:46:50,22.88,44.26,10.09,,,
406,05/27/2024 22:47:50,22.95,44.46,10.22,,,
407,05/27/2024 22:48:50,22.98,44.49,10.26,,,
408,05/27/2024 22:49:50,23.10,44.38,10.33,,,
409,05/27/2024 22:50:50,23.16,44.30,10.36,,,
410,05/27/2024 22:51:50,23.21,44.14,10.34,,,
411,05/27/2024 22:52:50,23.27,44.18,10.41,,,
412,05/27/2024 22:53:50,23.32,44.00,10.40,,,
413,05/27/2024 22:54:50,23.38,43.92,10.43,,,
414,05/27/2024 22:55:50,23.46,43.80,10.46,,,
415,05/27/2024 22:56:50,23.52,43.71,10.48,,,
416,05/27/2024 22:57:50,23.57,43.53,10.46,,,
417,05/27/2024 22:58:50,23.60,43.47,10.47,,,
418,05/27/2024 22:59:50,23.68,43.27,10.47,,,
419,05/27/2024 23:00:50,23.71,43.13,10.45,,,
420,05/27/2024 23:01:50,23.79,43.35,10.60,,,
421,05/27/2024 23:02:50,23.84,43.05,10.54,,,
422,05/27/2024 23:03:50,23.86,43.03,10.55,,,
423,05/27/2024 23:04:50,23.89,43.38,10.70,,,
424,05/27/2024 23:05:50,23.97,43.29,10.74,,,
425,05/27/2024 23:06:50,23.98,43.16,10.70,,,
426,05/27/2024 23:07:50,24.02,42.74,10.60,,,
427,05/27/2024 23:08:50,24.01,42.67,10.56,,,
428,05/27/2024 23:09:50,23.98,42.71,10.55,,,
429,05/27/2024 23:10:50,23.91,43.01,10.59,,,
430,05/27/2024 23:11:50,23.87,43.07,10.58,,,
431,05/27/2024 23:12:50,23.75,43.24,10.53,,,
432,05/27/2024 23:13:50,23.67,43.45,10.53,,,
433,05/27/2024 23:14:50,23.56,43.58,10.47,,,
434,05/27/2024 23:15:50,23.44,43.99,10.51,,,
435,05/27/2024 23:16:50,23.38,44.06,10.47,,,
436,05/27/2024 23:17:50,23.23,44.41,10.45,,,
437,05/27/2024 23:18:50,23.11,44.74,10.46,,,
438,05/27/2024 23:19:50,23.01,44.85,10.41,,,
439,05/27/2024 23:20:50,22.90,44.77,10.28,,,
440,05/27/2024 23:21:50,22.83,45.14,10.34,,,
441,05/27/2024 23:22:50,22.73,45.22,10.28,,,
442,05/27/2024 23:23:50,22.65,45.19,10.19,,,
443,05/27/2024 23:24:50,22.54,45.49,10.19,,,
444,05/27/2024 23:25:50,22.43,45.45,10.08,,,
445,05/27/2024 23:26:50,22.34,45.71,10.08,,,
446,05/27/2024 23:27:50,22.25,45.94,10.08,,,
447,05/27/2024 23:28:50,22.16,46.26,10.09,,,
448,05/27/2024 23:29:50,22.08,46.46,10.09,,,
449,05/27/2024 23:30:50,22.01,46.45,10.02,,,
450,05/27/2024 23:31:50,21.91,46.43,9.92,,,
451,05/27/2024 23:32:50,21.89,46.82,10.03,,,
452,05/27/2024 23:33:50,21.79,46.79,9.93,,,
453,05/27/2024 23:34:50,21.72,47.13,9.97,,,
454,05/27/2024 23:35:50,21.63,47.37,9.97,,,
455,05/27/2024 23:36:50,21.59,47.61,10.00,,,
456,05/27/2024 23:37:50,21.49,47.70,9.94,,,
457,05/27/2024 23:38:50,21.40,47.79,9.89,,,
458,05/27/2024 23:39:50,21.36,47.88,9.88,,,
459,05/27/2024 23:40:50,21.27,48.26,9.91,,,
460,05/27/2024 23:41:50,21.19,48.54,9.93,,,
461,05/27/2024 23:42:50,21.13,48.38,9.82,,,
462,05/27/2024 23:43:50,21.03,48.45,9.76,,,
463,05/27/2024 23:44:50,20.96,48.79,9.80,,,
464,05/27/2024 23:45:50,20.93,48.64,9.72,,,
465,05/27/2024 23:46:50,20.92,49.08,9.85,,,
466,05/27/2024 23:47:50,20.94,49.08,9.87,,,
467,05/27/2024 23:48:50,20.98,49.01,9.88,,,
468,05/27/2024 23:49:50,21.04,48.88,9.90,,,
469,05/27/2024 23:50:50,21.08,48.91,9.95,,,
470,05/27/2024 23:51:50,21.17,48.62,9.93,,,
471,05/27/2024 23:52:50,21.21,48.59,9.97,,,
472,05/27/2024 23:53:50,21.30,48.21,9.93,,,
473,05/27/2024 23:54:50,21.35,47.96,9.90,,,
474,05/27/2024 23:55:50,21.40,47.85,9.91,,,
475,05/27/2024 23:56:50,21.51,47.78,9.99,,,
476,05/27/2024 23:57:50,21.60,47.71,10.05,,,
477,05/27/2024 23:58:50,21.68,47.41,10.03,,,
478,05/27/2024 23:59:50,21.76,47.34,10.08,,,
479,05/28/2024 00:00:50,21.82,47.04,10.04,,,
480,05/28/2024 00:01:50,21.90,46.94,10.08,,,
481,05/28/2024 00:02:50,21.99,46.72,10.09,,,
482,05/28/2024 00:03:50,22.08,46.77,10.19,,,
483,05/28/2024 00:04:50,22.17,46.24,10.10,,,
484,05/28/2024 00:05:50,22.22,46.21,10.14,,,
485,05/28/2024 00:06:50,22.32,46.08,10.18,,,
486,05/28/2024 00:07:50,22.39,45.94,10.20,,,
487,05/28/2024 00:08:50,22.49,45.74,10.23,,,
488,05/28/2024 00:09:50,22.56,45.59,10.24,,,
489,05/28/2024 00:10:50,22.64,45.54,10.30,,,
490,05/28/2024 00:11:50,22.70,45.52,10.35,,,
491,05/28/2024 00:12:50,22.78,45.40,10.38,,,
492,05/28/2024 00:13:50,22.87,45.54,10.51,,,
493,05/28/2024 00:14:50,22.91,45.37,10.48,,,
494,05/28/2024 00:15:50,22.98,45.29,10.53,,,
495,05/28/2024 00:16:50,23.03,45.16,10.53,,,
496,05/28/2024 00:17:50,23.12,45.09,10.58,,,
497,05/28/2024 00:18:50,23.17,44.99,10.60,,,
498,05/28/2024 00:19:50,23.23,44.78,10.58,,,
499,05/28/2024 00:20:50,23.30,44.69,10.62,,,
500,05/28/2024 00:21:50,23.38,44.50,10.62,,,
501,05/28/2024 00:22:50,23.40,44.42,10.61,,,
502,05/28/2024 00:23:50,23.50,44.35,10.68,,,
503,05/28/2024 00:24:50,23.54,44.15,10.65,,,
504,05/28/2024 00:25:50,23.58,44.06,10.66,,,
505,05/28/2024 00:26:50,23.64,44.12,10.72,,,
506,05/28/2024 00:27:50,23.71,43.96,10.74,,,
507,05/28/2024 00:28:50,23.75,43.86,10.75,,,
508,05/28/2024 00:29:50,23.79,43.71,10.72,,,
509,05/28/2024 00:30:50,23.82,43.74,10.76,,,
510,05/28/2024 00:31:50,23.86,43.80,10.82,,,
511,05/28/2024 00:32:50,23.91,43.75,10.85,,,
512,05/28/2024 00:33:50,23.99,43.77,10.92,,,
513,05/28/2024 00:34:50,24.00,43.41,10.81,,,
514,05/28/2024 00:35:50,24.00,43.44,10.82,,,
515,05/28/2024 00:36:50,23.96,43.36,10.76,,,
516,05/28/2024 00:37:50,23.94,43.47,10.77,,,
517,05/28/2024 00:38:50,23.86,43.50,10.72,,,
518,05/28/2024 00:39:50,23.80,43.59,10.69,,,
519,05/28/2024 00:40:50,23.66,43.44,10.51,,,
520,05/28/2024 00:41:50,23.57,43.76,10.55,,,
521,05/28/2024 00:42:50,23.50,43.74,10.47,,,
522,05/28/2024 00:43:50,23.37,44.10,10.48,,,
523,05/28/2024 00:44:50,23.29,44.14,10.42,,,
524,05/28/2024 00:45:50,23.17,44.27,10.36,,,
525,05/28/2024 00:46:50,23.11,44.52,10.39,,,
526,05/28/2024 00:47:50,22.99,44.75,10.36,,,
527,05/28/2024 00:48:50,22.87,44.96,10.32,,,
528,05/28/2024 00:49:50,22.79,45.16,10.31,,,
529,05/28/2024 00:50:50,22.68,45.51,10.33,,,
530,05/28/2024 00:51:50,22.56,45.55,10.23,,,
531,05/28/2024 00:52:50,22.44,46.00,10.27,,,
532,05/28/2024 00:53:50,22.37,46.19,10.27,,,
533,05/28/2024 00:54:50,22.27,46.57,10.30,,,
534,05/28/2024 00:55:50,22.16,46.70,10.24,,,
535,05/28/2024 00:56:50,22.04,46.83,10.17,,,
536,05/28/2024 00:57:50,21.94,47.02,10.14,,,
537,05/28/2024 00:58:50,21.89,47.13,10.13,,,
538,05/28/2024 00:59:50,21.75,47.38,10.08,,,
539,05/28/2024 01:00:50,21.66,47.42,10.01,,,
540,05/28/2024 01:01:50,21.62,47.78,10.09,,,
541,05/28/2024 01:02:50,21.52,47.85,10.02,,,
542,05/28/2024 01:03:50,21.43,48.07,10.00,,,
543,05/28/2024 01:04:50,21.38,48.36,10.05,,,
544,05/28/2024 01:05:50,21.28,48.31,9.94,,,
545,05/28/2024 01:06:50,21.22,48.56,9.97,,,
546,05/28/2024 01:07:50,21.13,48.85,9.97,,,
547,05/28/2024 01:08:50,21.05,48.85,9.90,,,
548,05/28/2024 01:09:50,21.00,48.97,9.89,,,
549,05/28/2024 01:10:50,20.96,49.06,9.88,,,
550,05/28/2024 01:11:50,20.87,49.33,9.88,,,
551,05/28/2024 01:12:50,20.79,49.30,9.80,,,
552,05/28/2024 01:13:50,20.72,49.29,9.73,,,
553,05/28/2024 01:14:50,20.70,49.60,9.80,,,
554,05/28/2024 01:15:50,20.68,50.10,9.93,,,
555,05/28/2024 01:16:50,20.68,50.20,9.96,,,
556,05/28/2024 01:17:50,20.70,50.12,9.96,,,
557,05/28/2024 01:18:50,20.76,50.12,10.01,,,
558,05/28/2024 01:19:50,20.83,49.70,9.95,,,
559,05/28/2024 01:20:50,20.92,49.72,10.04,,,
560,05/28/2024 01:21:50,20.99,49.65,10.08,,,
561,05/28/2024 01:22:50,21.06,49.53,10.11,,,
562,05/28/2024 01:23:50,21.17,49.11,10.08,,,
563,05/28/2024 01:24:50,21.23,48.87,10.07,,,
564,05/28/2024 01:25:50,21.33,48.76,10.12,,,
565,05/28/2024 01:26:50,21.44,48.54,10.16,,,
566,05/28/2024 01:27:50,21.51,48.36,10.17,,,
567,05/28/2024 01:28:50,21.61,48.10,10.18,,,
568,05/28/2024 01:29:50,21.72,48.03,10.25,,,
569,05/28/2024 01:30:50,21.79,47.82,10.26,,,
570,05/28/2024 01:31:50,21.89,47.58,10.27,,,
571,05/28/2024 01:32:50,22.01,47.25,10.27,,,
572,05/28/2024 01:33:50,22.10,47.10,10.31,,,
573,05/28/2024 01:34:50,22.19,46.81,10.30,,,
574,05/28/2024 01:35:50,22.27,46.84,10.39,,,
575,05/28/2024 01:36:50,22.36,46.64,10.40,,,
576,05/28/2024 01:37:50,22.46,46.53,10.45,,,
577,05/28/2024 01:38:50,22.52,46.24,10.42,,,
578,05/28/2024 01:39:50,22.62,46.31,10.53,,,
579,05/28/2024 01:40:50,22.71,46.13,10.56,,,
580,05/28/2024 01:41:50,22.81,45.83,10.55,,,
581,05/28/2024 01:42:50,22.92,45.67,10.59,,,
582,05/28/2024 01:43:50,22.97,45.60,10.62,,,
583,05/28/2024 01:44:50,23.08,45.54,10.69,,,
584,05/28/2024 01:45:50,23.16,45.34,10.71,,,
585,05/28/2024 01:46:50,23.22,45.22,10.72,,,
586,05/28/2024 01:47:50,23.34,45.01,10.76,,,
587,05/28/2024 01:48:50,23.40,44.81,10.74,,,
588,05/28/2024 01:49:50,23.47,44.71,10.78,,,
589,05/28/2024 01:50:50,23.57,44.64,10.84,,,
590,05/28/2024 01:51:50,23.67,44.52,10.89,,,
591,05/28/2024 01:52:50,23.73,44.35,10.89,,,
592,05/28/2024 01:53:50,23.79,44.18,10.88,,,
593,05/28/2024 01:54:50,23.85,44.12,10.92,,,
594,05/28/2024 01:55:50,23.96,43.90,10.94,,,
595,05/28/2024 01:56:50,23.98,43.71,10.90,,,
596,05/28/2024 01:57:50,24.05,43.70,10.96,,,
597,05/28/2024 01:58:50,24.10,43.58,10.96,,,
598,05/28/2024 01:59:50,24.17,43.51,11.00,,,
599,05/28/2024 02:00:50,24.21,43.26,10.95,,,
600,05/28/2024 02:01:50,24.24,43.23,10.96,,,
601,05/28/2024 02:02:50,24.31,43.14,11.00,,,
602,05/28/2024 02:03:50,24.33,43.07,10.99,,,
603,05/28/2024 02:04:50,24.38,43.24,11.09,,,
604,05/28/2024 02:05:50,24.44,43.16,11.12,,,
605,05/28/2024 02:06:50,24.44,43.02,11.07,,,
606,05/28/2024 02:07:50,24.47,42.70,10.99,,,
607,05/28/2024 02:08:50,24.42,42.69,10.94,,,
608,05/28/2024 02:09:50,24.38,42.57,10.86,,,
609,05/28/2024 02:10:50,24.33,42.67,10.85,,,
610,05/28/2024 02:11:50,24.26,42.69,10.79,,,
611,05/28/2024 02:12:50,24.14,42.79,10.72,,,
612,05/28/2024 02:13:50,24.03,42.98,10.69,,,
613,05/28/2024 02:14:50,23.95,43.30,10.72,,,
614,05/28/2024 02:15:50,23.81,43.51,10.67,,,
615,05/28/2024 02:16:50,23.71,43.61,10.62,,,
616,05/28/2024 02:17:50,23.57,43.91,10.60,,,
617,05/28/2024 02:18:50,23.51,44.06,10.59,,,
618,05/28/2024 02:19:50,23.37,44.14,10.49,,,
619,05/28/2024 02:20:50,23.27,44.13,10.40,,,
620,05/28/2024 02:21:50,23.16,44.36,10.38,,,
621,05/28/2024 02:22:50,23.09,44.59,10.39,,,
622,05/28/2024 02:23:50,23.00,44.77,10.37,,,
623,05/28/2024 02:24:50,22.88,44.91,10.31,,,
624,05/28/2024 02:25:50,22.79,44.85,10.20,,,
625,05/28/2024 02:26:50,22.69,45.18,10.23,,,
626,05/28/2024 02:27:50,22.60,45.37,10.20,,,
627,05/28/2024 02:28:50,22.51,45.58,10.19,,,
628,05/28/2024 02:29:50,22.43,45.76,10.18,,,
629,05/28/2024 02:30:50,22.35,45.84,10.13,,,
630,05/28/2024 02:31:50,22.27,46.10,10.15,,,
631,05/28/2024 02:32:50,22.16,46.32,10.11,,,
632,05/28/2024 02:33:50,22.10,46.61,10.16,,,
633,05/28/2024 02:34:50,22.03,46.93,10.19,,,
634,05/28/2024 02:35:50,21.92,46.84,10.06,,,
635,05/28/2024 02:36:50,21.83,47.15,10.08,,,
636,05/28/2024 02:37:50,21.77,47.24,10.06,,,
637,05/28/2024 02:38:50,21.69,47.42,10.04,,,
638,05/28/2024 02:39:50,21.63,47.41,9.98,,,
639,05/28/2024 02:40:50,21.55,47.62,9.98,,,
640,05/28/2024 02:41:50,21.48,47.78,9.96,,,
641,05/28/2024 02:42:50,21.37,48.15,9.98,,,
642,05/28/2024 02:43:50,21.34,48.12,9.94,,,
643,05/28/2024 02:44:50,21.27,48.42,9.96,,,
644,05/28/2024 02:45:50,21.18,48.55,9.92,,,
645,05/28/2024 02:46:50,21.11,48.74,9.92,,,
646,05/28/2024 02:47:50,21.04,48.69,9.84,,,
647,05/28/2024 02:48:50,20.99,48.75,9.81,,,
648,05/28/2024 02:49:50,20.92,49.04,9.84,,,
649,05/28/2024 02:50:50,20.87,49.19,9.83,,,
650,05/28/2024 02:51:50,20.84,49.34,9.85,,,
651,05/28/2024 02:52:50,20.80,49.90,9.99,,,
652,05/28/2024 02:53:50,20.84,50.00,10.05,,,
653,05/28/2024 02:54:50,20.86,50.14,10.11,,,
654,05/28/2024 02:55:50,20.93,49.91,10.11,,,
655,05/28/2024 02:56:50,21.01,49.70,10.12,,,
656,05/28/2024 02:57:50,21.09,49.41,10.11,,,
657,05/28/2024 02:58:50,21.14,49.42,10.15,,,
658,05/28/2024 02:59:50,21.23,49.27,10.19,,,
659,05/28/2024 03:00:50,21.31,49.25,10.25,,,
660,05/28/2024 03:01:50,21.43,49.24,10.36,,,
661,05/28/2024 03:02:50,21.49,48.82,10.29,,,
662,05/28/2024 03:03:50,21.58,48.58,10.30,,,
663,05/28/2024 03:04:50,21.67,48.24,10.28,,,
664,05/28/2024 03:05:50,21.76,48.09,10.31,,,
665,05/28/2024 03:06:50,21.88,47.93,10.37,,,
666,05/28/2024 03:07:50,21.97,47.75,10.40,,,
667,05/28/2024 03:08:50,22.03,47.65,10.42,,,
668,05/28/2024 03:09:50,22.16,47.40,10.46,,,
669,05/28/2024 03:10:50,22.24,47.22,10.48,,,
670,05/28/2024 03:11:50,22.33,47.04,10.50,,,
671,05/28/2024 03:12:50,22.40,46.83,10.50,,,
672,05/28/2024 03:13:50,22.49,46.79,10.57,,,
673,05/28/2024 03:14:50,22.60,46.66,10.62,,,
674,05/28/2024 03:15:50,22.65,46.56,10.64,,,
675,05/28/2024 03:16:50,22.71,46.54,10.69,,,
676,05/28/2024 03:17:50,22.77,46.41,10.70,,,
677,05/28/2024 03:18:50,22.87,46.31,10.76,,,
678,05/28/2024 03:19:50,22.96,46.14,10.79,,,
679,05/28/2024 03:20:50,22.99,46.04,10.78,,,
680,05/28/2024 03:21:50,23.05,45.82,10.76,,,
681,05/28/2024 03:22:50,23.11,45.66,10.76,,,
682,05/28/2024 03:23:50,23.17,45.76,10.85,,,
683,05/28/2024 03:24:50,23.21,45.77,10.89,,,
684,05/28/2024 03:25:50,23.28,45.51,10.87,,,
685,05/28/2024 03:26:50,23.36,45.35,10.89,,,
686,05/28/2024 03:27:50,23.37,45.29,10.87,,,
687,05/28/2024 03:28:50,23.41,45.15,10.87,,,
688,05/28/2024 03:29:50,23.40,44.93,10.78,,,
689,05/28/2024 03:30:50,23.39,44.83,10.74,,,
690,05/28/2024 03:31:50,23.37,44.66,10.66,,,
691,05/28/2024 03:32:50,23.35,44.63,10.63,,,
692,05/28/2024 03:33:50,23.25,44.66,10.56,,,
693,05/28/2024 03:34:50,23.20,44.74,10.54,,,
694,05/28/2024 03:35:50,23.12,45.03,10.57,,,
695,05/28/2024 03:36:50,23.01,45.13,10.50,,,
696,05/28/2024 03:37:50,22.90,45.27,10.44,,,
697,05/28/2024 03:38:50,22.81,45.51,10.44,,,
698,05/28/2024 03:39:50,22.72,45.70,10.43,,,
699,05/28/2024 03:40:50,22.63,45.94,10.42,,,
700,05/28/2024 03:41:50,22.52,45.97,10.33,,,
701,05/28/2024 03:42:50,22.40,46.26,10.32,,,
702,05/28/2024 03:43:50,22.37,46.43,10.34,,,
703,05/28/2024 03:44:50,22.26,46.48,10.26,,,
704,05/28/2024 03:45:50,22.21,46.64,10.26,,,
705,05/28/2024 03:46:50,22.05,46.80,10.17,,,
706,05/28/2024 03:47:50,21.96,47.10,10.18,,,
707,05/28/2024 03:48:50,21.88,47.45,10.22,,,
708,05/28/2024 03:49:50,21.79,47.51,10.16,,,
709,05/28/2024 03:50:50,21.69,47.62,10.10,,,
710,05/28/2024 03:51:50,21.64,47.89,10.14,,,
711,05/28/2024 03:52:50,21.57,47.87,10.07,,,
712,05/28/2024 03:53:50,21.48,48.23,10.10,,,
713,05/28/2024 03:54:50,21.42,48.39,10.09,,,
714,05/28/2024 03:55:50,21.33,48.49,10.04,,,
715,05/28/2024 03:56:50,21.25,48.79,10.07,,,
716,05/28/2024 03:57:50,21.16,48.92,10.02,,,
717,05/28/2024 03:58:50,21.09,49.33,10.08,,,
718,05/28/2024 03:59:50,21.04,49.24,10.01,,,
719,05/28/2024 04:00:50,20.98,49.48,10.02,,,
720,05/28/2024 04:01:50,20.98,49.71,10.09,,,
721,05/28/2024 04:02:50,20.99,49.89,10.15,,,
722,05/28/2024 04:03:50,21.01,49.90,10.18,,,
723,05/28/2024 04:04:50,21.08,49.73,10.20,,,
724,05/28/2024 04:05:50,21.13,49.72,10.23,,,
725,05/28/2024 04:06:50,21.18,49.59,10.24,,,
726,05/28/2024 04:07:50,21.24,49.60,10.30,,,
727,05/28/2024 04:08:50,21.31,49.40,10.30,,,
728,05/28/2024 04:09:50,21.37,49.33,10.34,,,
729,05/28/2024 04:10:50,21.43,49.15,10.33,,,
730,05/28/2024 04:11:50,21.52,49.04,10.39,,,
731,05/28/2024 04:12:50,21.55,49.03,10.42,,,
732,05/28/2024 04:13:50,21.66,48.79,10.44,,,
733,05/28/2024 04:14:50,21.75,48.45,10.41,,,
734,05/28/2024 04:15:50,21.83,48.23,10.42,,,
735,05/28/2024 04:16:50,21.91,48.05,10.43,,,
736,05/28/2024 04:17:50,22.01,47.83,10.46,,,
737,05/28/2024 04:18:50,22.07,47.75,10.49,,,
738,05/28/2024 04:19:50,22.14,47.58,10.51,,,
739,05/28/2024 04:20:50,22.21,47.37,10.50,,,
740,05/28/2024 04:21:50,22.29,47.20,10.52,,,
741,05/28/2024 04:22:50,22.35,47.14,10.55,,,
742,05/28/2024 04:23:50,22.47,46.97,10.61,,,
743,05/28/2024 04:24:50,22.52,46.84,10.61,,,
744,05/28/2024 04:25:50,22.58,46.79,10.65,,,
745,05/28/2024 04:26:50,22.67,46.63,10.68,,,
746,05/28/2024 04:27:50,22.70,46.62,10.71,,,
747,05/28/2024 04:28:50,22.78,46.45,10.72,,,
748,05/28/2024 04:29:50,22.85,46.28,10.73,,,
749,05/28/2024 04:30:50,22.91,46.14,10.74,,,
750,05/28/2024 04:31:50,22.94,45.95,10.70,,,
751,05/28/2024 04:32:50,22.99,45.98,10.76,,,
752,05/28/2024 04:33:50,23.05,45.72,10.73,,,
753,05/28/2024 04:34:50,23.07,45.54,10.69,,,
754,05/28/2024 04:35:50,23.12,45.59,10.75,,,
755,05/28/2024 04:36:50,23.16,45.64,10.81,,,
756,05/28/2024 04:37:50,23.21,45.44,10.78,,,
757,05/28/2024 04:38:50,23.27,45.43,10.84,,,
758,05/28/2024 04:39:50,23.32,45.32,10.85,,,
759,05/28/2024 04:40:50,23.36,45.14,10.82,,,
760,05/28/2024 04:41:50,23.35,45.01,10.76,,,
761,05/28/2024 04:42:50,23.32,44.95,10.72,,,
762,05/28/2024 04:43:50,23.31,44.98,10.72,,,
763,05/28/2024 04:44:50,23.24,44.87,10.62,,,
764,05/28/2024 04:45:50,23.17,44.96,10.59,,,
765,05/28/2024 04:46:50,23.12,45.14,10.60,,,
766,05/28/2024 04:47:50,23.01,45.13,10.50,,,
767,05/28/2024 04:48:50,22.95,45.32,10.51,,,
768,05/28/2024 04:49:50,22.84,45.38,10.43,,,
769,05/28/2024 04:50:50,22.75,45.75,10.46,,,
770,05/28/2024 04:51:50,22.64,45.88,10.41,,,
771,05/28/2024 04:52:50,22.54,46.14,10.40,,,
772,05/28/2024 04:53:50,22.43,46.24,10.34,,,
773,05/28/2024 04:54:50,22.34,46.26,10.26,,,
774,05/28/2024 04:55:50,22.26,46.62,10.31,,,
775,05/28/2024 04:56:50,22.16,46.73,10.24,,,
776,05/28/2024 04:57:50,22.04,46.87,10.18,,,
777,05/28/2024 04:58:50,21.94,47.19,10.20,,,
778,05/28/2024 04:59:50,21.87,47.33,10.17,,,
779,05/28/2024 05:00:50,21.79,47.51,10.16,,,
780,05/28/2024 05:01:50,21.70,47.62,10.12,,,
781,05/28/2024 05:02:50,21.62,47.90,10.12,,,
782,05/28/2024 05:03:50,21.51,48.14,10.10,,,
783,05/28/2024 05:04:50,21.44,48.48,10.14,,,
784,05/28/2024 05:05:50,21.34,48.57,10.08,,,
785,05/28/2024 05:06:50,21.21,48.82,10.03,,,
786,05/28/2024 05:07:50,21.17,49.01,10.05,,,
787,05/28/2024 05:08:50,21.08,49.16,10.02,,,
788,05/28/2024 05:09:50,21.04,49.51,10.09,,,
789,05/28/2024 05:10:50,20.98,49.48,10.02,,,
790,05/28/2024 05:11:50,20.96,49.81,10.11,,,
791,05/28/2024 05:12:50,20.98,49.93,10.16,,,
792,05/28/2024 05:13:50,20.96,49.84,10.12,,,
793,05/28/2024 05:14:50,21.00,49.89,10.16,,,
794,05/28/2024 05:15:50,21.04,49.78,10.17,,,
795,05/28/2024 05:16:50,21.10,49.73,10.21,,,
796,05/28/2024 05:17:50,21.17,49.71,10.27,,,
797,05/28/2024 05:18:50,21.25,49.71,10.35,,,
798,05/28/2024 05:19:50,21.29,49.34,10.26,,,
799,05/28/2024 05:20:50,21.37,49.30,10.33,,,
800,05/28/2024 05:21:50,21.44,49.13,10.34,,,
801,05/28/2024 05:22:50,21.51,49.12,10.40,,,
802,05/28/2024 05:23:50,21.57,48.93,10.39,,,
803,05/28/2024 05:24:50,21.65,48.71,10.41,,,
804,05/28/2024 05:25:50,21.74,48.51,10.42,,,
805,05/28/2024 05:26:50,21.82,48.36,10.45,,,
806,05/28/2024 05:27:50,21.89,48.33,10.50,,,
807,05/28/2024 05:28:50,21.94,48.20,10.51,,,
808,05/28/2024 05:29:50,22.03,48.10,10.56,,,
809,05/28/2024 05:30:50,22.11,47.94,10.59,,,
810,05/28/2024 05:31:50,22.17,47.81,10.60,,,
811,05/28/2024 05:32:50,22.24,47.64,10.61,,,
812,05/28/2024 05:33:50,22.32,47.60,10.67,,,
813,05/28/2024 05:34:50,22.38,47.42,10.67,,,
814,05/28/2024 05:35:50,22.44,47.47,10.74,,,
815,05/28/2024 05:36:50,22.52,47.33,10.77,,,
816,05/28/2024 05:37:50,22.60,47.11,10.77,,,
817,05/28/2024 05:38:50,22.65,46.97,10.77,,,
818,05/28/2024 05:39:50,22.68,46.97,10.80,,,
819,05/28/2024 05:40:50,22.77,46.79,10.82,,,
820,05/28/2024 05:41:50,22.81,46.60,10.80,,,
821,05/28/2024 05:42:50,22.84,46.47,10.79,,,
822,05/28/2024 05:43:50,22.90,46.35,10.80,,,
823,05/28/2024 05:44:50,22.99,46.28,10.86,,,
824,05/28/2024 05:45:50,23.01,46.25,10.87,,,
825,05/28/2024 05:46:50,23.05,46.18,10.88,,,
826,05/28/2024 05:47:50,23.10,46.16,10.92,,,
827,05/28/2024 05:48:50,23.14,46.15,10.96,,,
828,05/28/2024 05:49:50,23.15,46.08,10.94,,,
829,05/28/2024 05:50:50,23.20,46.31,11.06,,,
830,05/28/2024 05:51:50,23.25,46.25,11.09,,,
831,05/28/2024 05:52:50,23.30,46.11,11.09,,,
832,05/28/2024 05:53:50,23.34,46.09,11.11,,,
833,05/28/2024 05:54:50,23.34,45.96,11.07,,,
834,05/28/2024 05:55:50,23.30,45.93,11.03,,,
835,05/28/2024 05:56:50,23.26,46.06,11.03,,,
836,05/28/2024 05:57:50,23.21,46.22,11.04,,,
837,05/28/2024 05:58:50,23.15,46.42,11.05,,,
838,05/28/2024 05:59:50,23.07,46.41,10.97,,,
839,05/28/2024 06:00:50,23.00,46.33,10.89,,,
840,05/28/2024 06:01:50,22.90,46.58,10.87,,,
841,05/28/2024 06:02:50,22.82,46.72,10.85,,,
842,05/28/2024 06:03:50,22.73,46.68,10.76,,,
843,05/28/2024 06:04:50,22.63,46.77,10.69,,,
844,05/28/2024 06:05:50,22.52,46.88,10.63,,,
845,05/28/2024 06:06:50,22.39,47.01,10.55,,,
846,05/28/2024 06:07:50,22.33,47.15,10.53,,,
847,05/28/2024 06:08:50,22.22,47.22,10.46,,,
848,05/28/2024 06:09:50,22.16,47.45,10.47,,,
849,05/28/2024 06:10:50,22.04,47.66,10.43,,,
850,05/28/2024 06:11:50,21.95,47.76,10.38,,,
851,05/28/2024 06:12:50,21.87,48.05,10.40,,,
852,05/28/2024 06:13:50,21.74,48.24,10.34,,,
853,05/28/2024 06:14:50,21.68,48.51,10.37,,,
854,05/28/2024 06:15:50,21.58,48.74,10.35,,,
855,05/28/2024 06:16:50,21.49,49.16,10.39,,,
856,05/28/2024 06:17:50,21.45,49.02,10.31,,,
857,05/28/2024 06:18:50,21.31,49.41,10.30,,,
858,05/28/2024 06:19:50,21.23,49.70,10.32,,,
859,05/28/2024 06:20:50,21.18,49.72,10.28,,,
860,05/28/2024 06:21:50,21.09,50.37,10.40,,,
861,05/28/2024 06:22:50,20.99,50.54,10.35,,,
862,05/28/2024 06:23:50,20.91,50.73,10.33,,,
863,05/28/2024 06:24:50,20.86,51.00,10.36,,,
864,05/28/2024 06:25:50,20.80,51.25,10.39,,,
865,05/28/2024 06:26:50,20.75,51.52,10.42,,,
866,05/28/2024 06:27:50,20.73,51.68,10.45,,,
867,05/28/2024 06:28:50,20.72,51.98,10.52,,,
868,05/28/2024 06:29:50,20.76,52.01,10.57,,,
869,05/28/2024 06:30:50,20.75,51.99,10.55,,,
870,05/28/2024 06:31:50,20.77,52.15,10.62,,,
871,05/28/2024 06:32:50,20.86,52.23,10.72,,,
872,05/28/2024 06:33:50,20.91,51.88,10.67,,,
873,05/28/2024 06:34:50,20.98,51.90,10.74,,,
874,05/28/2024 06:35:50,21.04,51.67,10.73,,,
875,05/28/2024 06:36:50,21.11,51.59,10.77,,,
876,05/28/2024 06:37:50,21.17,51.42,10.77,,,
877,05/28/2024 06:38:50,21.24,51.20,10.78,,,
878,05/28/2024 06:39:50,21.30,51.05,10.79,,,
879,05/28/2024 06:40:50,21.33,50.93,10.78,,,
880,05/28/2024 06:41:50,21.44,50.97,10.89,,,
881,05/28/2024 06:42:50,21.50,50.79,10.90,,,
882,05/28/2024 06:43:50,21.57,50.69,10.92,,,
883,05/28/2024 06:44:50,21.64,50.41,10.91,,,
884,05/28/2024 06:45:50,21.72,50.38,10.97,,,
885,05/28/2024 06:46:50,21.79,50.13,10.96,,,
886,05/28/2024 06:47:50,21.85,50.01,10.99,,,
887,05/28/2024 06:48:50,21.94,49.95,11.05,,,
888,05/28/2024 06:49:50,21.99,49.64,11.00,,,
889,05/28/2024 06:50:50,22.09,49.50,11.05,,,
890,05/28/2024 06:51:50,22.16,49.13,11.00,,,
891,05/28/2024 06:52:50,22.23,49.05,11.04,,,
892,05/28/2024 06:53:50,22.34,48.81,11.07,,,
893,05/28/2024 06:54:50,22.35,48.65,11.02,,,
894,05/28/2024 06:55:50,22.43,48.62,11.09,,,
895,05/28/2024 06:56:50,22.51,48.36,11.08,,,
896,05/28/2024 06:57:50,22.57,48.26,11.11,,,
897,05/28/2024 06:58:50,22.62,48.17,11.12,,,
898,05/28/2024 06:59:50,22.69,48.03,11.15,,,
899,05/28/2024 07:00:50,22.72,47.96,11.15,,,
900,05/28/2024 07:01:50,22.80,47.87,11.19,,,
901,05/28/2024 07:02:50,22.84,47.74,11.19,,,
902,05/28/2024 07:03:50,22.91,47.53,11.18,,,
903,05/28/2024 07:04:50,22.92,47.41,11.16,,,
904,05/28/2024 07:05:50,23.00,47.41,11.23,,,
905,05/28/2024 07:06:50,23.03,47.25,11.21,,,
906,05/28/2024 07:07:50,23.08,47.19,11.23,,,
907,05/28/2024 07:08:50,23.13,47.16,11.27,,,
908,05/28/2024 07:09:50,23.18,47.06,11.29,,,
909,05/28/2024 07:10:50,23.21,46.89,11.25,,,
910,05/28/2024 07:11:50,23.23,46.85,11.26,,,
911,05/28/2024 07:12:50,23.25,46.71,11.24,,,
912,05/28/2024 07:13:50,23.24,46.57,11.18,,,
913,05/28/2024 07:14:50,23.23,46.49,11.14,,,
914,05/28/2024 07:15:50,23.21,46.49,11.12,,,
915,05/28/2024 07:16:50,23.16,46.59,11.12,,,
916,05/28/2024 07:17:50,23.10,46.64,11.08,,,
917,05/28/2024 07:18:50,23.02,46.72,11.03,,,
918,05/28/2024 07:19:50,22.93,46.75,10.95,,,
919,05/28/2024 07:20:50,22.82,47.00,10.94,,,
920,05/28/2024 07:21:50,22.75,47.03,10.88,,,
921,05/28/2024 07:22:50,22.67,47.26,10.88,,,
922,05/28/2024 07:23:50,22.56,47.29,10.79,,,
923,05/28/2024 07:24:50,22.44,47.66,10.80,,,
924,05/28/2024 07:25:50,22.38,47.73,10.77,,,
925,05/28/2024 07:26:50,22.29,47.96,10.76,,,
926,05/28/2024 07:27:50,22.18,48.19,10.73,,,
927,05/28/2024 07:28:50,22.10,48.42,10.73,,,
928,05/28/2024 07:29:50,22.01,48.53,10.67,,,
929,05/28/2024 07:30:50,21.93,48.80,10.69,,,
930,05/28/2024 07:31:50,21.85,48.93,10.66,,,
931,05/28/2024 07:32:50,21.75,49.14,10.63,,,
932,05/28/2024 07:33:50,21.64,49.42,10.61,,,
933,05/28/2024 07:34:50,21.61,49.57,10.63,,,
934,05/28/2024 07:35:50,21.50,49.84,10.61,,,
935,05/28/2024 07:36:50,21.39,50.17,10.61,,,
936,05/28/2024 07:37:50,21.35,50.41,10.64,,,
937,05/28/2024 07:38:50,21.25,50.48,10.58,,,
938,05/28/2024 07:39:50,21.15,50.85,10.59,,,
939,05/28/2024 07:40:50,21.06,50.94,10.53,,,
940,05/28/2024 07:41:50,21.01,51.08,10.53,,,
941,05/28/2024 07:42:50,20.90,51.38,10.52,,,
942,05/28/2024 07:43:50,20.83,51.39,10.45,,,
943,05/28/2024 07:44:50,20.78,51.55,10.46,,,
944,05/28/2024 07:45:50,20.71,51.80,10.46,,,
945,05/28/2024 07:46:50,20.70,51.90,10.48,,,
946,05/28/2024 07:47:50,20.71,52.14,10.56,,,
947,05/28/2024 07:48:50,20.72,52.15,10.57,,,
948,05/28/2024 07:49:50,20.72,52.05,10.54,,,
949,05/28/2024 07:50:50,20.76,52.00,10.57,,,
950,05/28/2024 07:51:50,20.81,52.01,10.62,,,
951,05/28/2024 07:52:50,20.87,51.91,10.64,,,
952,05/28/2024 07:53:50,20.91,51.84,10.66,,,
953,05/28/2024 07:54:50,20.95,51.76,10.67,,,
954,05/28/2024 07:55:50,21.06,51.68,10.75,,,
955,05/28/2024 07:56:50,21.11,51.46,10.74,,,
956,05/28/2024 07:57:50,21.17,51.27,10.73,,,
957,05/28/2024 07:58:50,21.27,51.29,10.82,,,
958,05/28/2024 07:59:50,21.32,51.17,10.84,,,
959,05/28/2024 08:00:50,21.36,51.10,10.86,,,
960,05/28/2024 08:01:50,21.47,50.81,10.87,,,
961,05/28/2024 08:02:50,21.53,50.65,10.88,,,
962,05/28/2024 08:03:50,21.58,50.36,10.84,,,
963,05/28/2024 08:04:50,21.68,50.30,10.92,,,
964,05/28/2024 08:05:50,21.76,49.95,10.88,,,
965,05/28/2024 08:06:50,21.80,49.87,10.90,,,
966,05/28/2024 08:07:50,21.90,49.69,10.93,,,
967,05/28/2024 08:08:50,21.97,49.64,10.98,,,
968,05/28/2024 08:09:50,22.03,49.52,11.00,,,
969,05/28/2024 08:10:50,22.11,49.34,11.02,,,
970,05/28/2024 08:11:50,22.20,49.10,11.03,,,
971,05/28/2024 08:12:50,22.25,48.88,11.01,,,
972,05/28/2024 08:13:50,22.36,48.68,11.04,,,
973,05/28/2024 08:14:50,22.40,48.58,11.05,,,
974,05/28/2024 08:15:50,22.47,48.40,11.05,,,
975,05/28/2024 08:16:50,22.56,48.16,11.07,,,
976,05/28/2024 08:17:50,22.60,48.07,11.07,,,
977,05/28/2024 08:18:50,22.69,48.00,11.14,,,
978,05/28/2024 08:19:50,22.78,47.66,11.11,,,
979,05/28/2024 08:20:50,22.80,47.70,11.14,,,
980,05/28/2024 08:21:50,22.90,47.56,11.19,,,
981,05/28/2024 08:22:50,22.88,47.43,11.13,,,
982,05/28/2024 08:23:50,22.99,47.25,11.17,,,
983,05/28/2024 08:24:50,23.00,47.21,11.17,,,
984,05/28/2024 08:25:50,23.05,46.97,11.13,,,
985,05/28/2024 08:26:50,23.12,46.79,11.14,,,
986,05/28/2024 08:27:50,23.14,46.68,11.13,,,
987,05/28/2024 08:28:50,23.23,46.64,11.19,,,
988,05/28/2024 08:29:50,23.25,46.42,11.14,,,
989,05/28/2024 08:30:50,23.29,46.20,11.11,,,
990,05/28/2024 08:31:50,23.30,46.20,11.12,,,
991,05/28/2024 08:32:50,23.34,46.15,11.13,,,
992,05/28/2024 08:33:50,23.40,45.98,11.13,,,
993,05/28/2024 08:34:50,23.42,45.99,11.16,,,
994,05/28/2024 08:35:50,23.44,45.84,11.13,,,
995,05/28/2024 08:36:50,23.43,45.74,11.08,,,
996,05/28/2024 08:37:50,23.41,45.65,11.03,,,
997,05/28/2024 08:38:50,23.37,45.80,11.05,,,
998,05/28/2024 08:39:50,23.28,45.72,10.94,,,
999,05/28/2024 08:40:50,23.18,46.00,10.95,,,
1000,05/28/2024 08:41:50,23.12,46.14,10.93,,,
1001,05/28/2024 08:42:50,23.05,46.14,10.86,,,
1002,05/28/2024 08:43:50,22.94,46.31,10.82,,,
1003,05/28/2024 08:44:50,22.84,46.59,10.82,,,
1004,05/28/2024 08:45:50,22.76,46.69,10.78,,,
1005,05/28/2024 08:46:50,22.69,46.86,10.78,,,
1006,05/28/2024 08:47:50,22.57,47.11,10.75,,,
1007,05/28/2024 08:48:50,22.46,47.13,10.65,,,
1008,05/28/2024 08:49:50,22.39,47.44,10.69,,,
1009,05/28/2024 08:50:50,22.31,47.50,10.63,,,
1010,05/28/2024 08:51:50,22.24,47.69,10.63,,,
1011,05/28/2024 08:52:50,22.16,48.04,10.66,,,
1012,05/28/2024 08:53:50,22.06,48.14,10.60,,,
1013,05/28/2024 08:54:50,21.97,48.22,10.55,,,
1014,05/28/2024 08:55:50,21.91,48.40,10.54,,,
1015,05/28/2024 08:56:50,21.80,48.53,10.49,,,
1016,05/28/2024 08:57:50,21.72,48.63,10.44,,,
1017,05/28/2024 08:58:50,21.66,48.79,10.44,,,
1018,05/28/2024 08:59:50,21.59,49.07,10.46,,,
1019,05/28/2024 09:00:50,21.51,49.17,10.42,,,
1020,05/28/2024 09:01:50,21.45,49.37,10.42,,,
1021,05/28/2024 09:02:50,21.37,49.49,10.39,,,
1022,05/28/2024 09:03:50,21.30,49.71,10.38,,,
1023,05/28/2024 09:04:50,21.20,49.86,10.34,,,
1024,05/28/2024 09:05:50,21.13,50.10,10.34,,,
1025,05/28/2024 09:06:50,21.06,50.31,10.35,,,
1026,05/28/2024 09:07:50,20.98,50.35,10.28,,,
1027,05/28/2024 09:08:50,20.93,50.53,10.29,,,
1028,05/28/2024 09:09:50,20.85,50.71,10.27,,,
1029,05/28/2024 09:10:50,20.77,50.89,10.25,,,
1030,05/28/2024 09:11:50,20.74,51.20,10.31,,,
1031,05/28/2024 09:12:50,20.69,51.14,10.25,,,
1032,05/28/2024 09:13:50,20.69,51.27,10.28,,,
1033,05/28/2024 09:14:50,20.65,51.46,10.31,,,
1034,05/28/2024 09:15:50,20.66,51.56,10.35,,,
1035,05/28/2024 09:16:50,20.71,51.41,10.35,,,
1036,05/28/2024 09:17:50,20.77,51.51,10.44,,,
1037,05/28/2024 09:18:50,20.77,51.48,10.43,,,
1038,05/28/2024 09:19:50,20.83,51.41,10.45,,,
1039,05/28/2024 09:20:50,20.89,51.31,10.49,,,
1040,05/28/2024 09:21:50,20.99,51.17,10.53,,,
1041,05/28/2024 09:22:50,20.99,51.21,10.54,,,
1042,05/28/2024 09:23:50,21.09,51.13,10.62,,,
1043,05/28/2024 09:24:50,21.16,51.14,10.68,,,
1044,05/28/2024 09:25:50,21.21,50.97,10.68,,,
1045,05/28/2024 09:26:50,21.27,50.88,10.70,,,
1046,05/28/2024 09:27:50,21.32,50.81,10.73,,,
1047,05/28/2024 09:28:50,21.40,50.63,10.76,,,
1048,05/28/2024 09:29:50,21.49,50.43,10.78,,,
1049,05/28/2024 09:30:50,21.58,50.35,10.83,,,
1050,05/28/2024 09:31:50,21.62,50.22,10.83,,,
1051,05/28/2024 09:32:50,21.67,49.98,10.81,,,
1052,05/28/2024 09:33:50,21.78,49.92,10.89,,,
1053,05/28/2024 09:34:50,21.83,49.77,10.89,,,
1054,05/28/2024 09:35:50,21.89,49.67,10.91,,,
1055,05/28/2024 09:36:50,22.03,49.46,10.98,,,
1056,05/28/2024 09:37:50,22.09,49.50,11.05,,,
1057,05/28/2024 09:38:50,22.16,49.22,11.02,,,
1058,05/28/2024 09:39:50,22.27,49.07,11.09,,,
1059,05/28/2024 09:40:50,22.33,48.88,11.08,,,
1060,05/28/2024 09:41:50,22.41,48.63,11.08,,,
1061,05/28/2024 09:42:50,22.47,48.47,11.08,,,
1062,05/28/2024 09:43:50,22.55,48.38,11.13,,,
1063,05/28/2024 09:44:50,22.64,48.06,11.11,,,
1064,05/28/2024 09:45:50,22.68,48.04,11.14,,,
1065,05/28/2024 09:46:50,22.79,47.97,11.22,,,
1066,05/28/2024 09:47:50,22.83,47.79,11.20,,,
1067,05/28/2024 09:48:50,22.90,47.83,11.27,,,
1068,05/28/2024 09:49:50,22.99,47.67,11.31,,,
1069,05/28/2024 09:50:50,23.03,47.55,11.31,,,
1070,05/28/2024 09:51:50,23.10,47.49,11.35,,,
1071,05/28/2024 09:52:50,23.17,47.42,11.39,,,
1072,05/28/2024 09:53:50,23.21,47.16,11.34,,,
1073,05/28/2024 09:54:50,23.28,47.13,11.40,,,
1074,05/28/2024 09:55:50,23.32,46.87,11.36,,,
1075,05/28/2024 09:56:50,23.38,46.71,11.35,,,
1076,05/28/2024 09:57:50,23.45,46.85,11.47,,,
1077,05/28/2024 09:58:50,23.49,46.66,11.43,,,
1078,05/28/2024 09:59:50,23.53,46.57,11.44,,,
1079,05/28/2024 10:00:50,23.55,46.53,11.45,,,
1080,05/28/2024 10:01:50,23.56,46.46,11.44,,,
1081,05/28/2024 10:02:50,23.54,46.31,11.37,,,
1082,05/28/2024 10:03:50,23.52,46.18,11.31,,,
1083,05/28/2024 10:04:50,23.46,46.16,11.25,,,
1084,05/28/2024 10:05:50,23.41,46.26,11.24,,,
1085,05/28/2024 10:06:50,23.34,46.30,11.18,,,
1086,05/28/2024 10:07:50,23.27,46.29,11.12,,,
1087,05/28/2024 10:08:50,23.18,46.55,11.13,,,
1088,05/28/2024 10:09:50,23.12,46.53,11.06,,,
1089,05/28/2024 10:10:50,23.05,46.76,11.07,,,
1090,05/28/2024 10:11:50,22.94,47.02,11.05,,,
1091,05/28/2024 10:12:50,22.84,47.16,11.01,,,
1092,05/28/2024 10:13:50,22.73,47.35,10.97,,,
1093,05/28/2024 10:14:50,22.58,47.65,10.93,,,
1094,05/28/2024 10:15:50,22.48,47.84,10.89,,,
1095,05/28/2024 10:16:50,22.37,48.19,10.90,,,
1096,05/28/2024 10:17:50,22.29,48.34,10.88,,,
1097,05/28/2024 10:18:50,22.18,48.65,10.87,,,
1098,05/28/2024 10:19:50,22.10,48.81,10.85,,,
1099,05/28/2024 10:20:50,21.98,49.03,10.81,,,
1100,05/28/2024 10:21:50,21.89,49.39,10.83,,,
1101,05/28/2024 10:22:50,21.79,49.46,10.76,,,
1102,05/28/2024 10:23:50,21.68,49.76,10.75,,,
1103,05/28/2024 10:24:50,21.60,50.02,10.75,,,
1104,05/28/2024 10:25:50,21.49,50.14,10.69,,,
1105,05/28/2024 10:26:50,21.39,50.27,10.64,,,
1106,05/28/2024 10:27:50,21.34,50.53,10.67,,,
1107,05/28/2024 10:28:50,21.25,50.82,10.68,,,
1108,05/28/2024 10:29:50,21.19,51.04,10.68,,,
1109,05/28/2024 10:30:50,21.11,51.03,10.61,,,
1110,05/28/2024 10:31:50,21.04,51.24,10.60,,,
1111,05/28/2024 10:32:50,20.94,51.56,10.61,,,
1112,05/28/2024 10:33:50,20.89,51.55,10.56,,,
1113,05/28/2024 10:34:50,20.81,51.70,10.53,,,
1114,05/28/2024 10:35:50,20.74,51.87,10.51,,,
1115,05/28/2024 10:36:50,20.71,52.09,10.54,,,
1116,05/28/2024 10:37:50,20.63,52.14,10.49,,,
1117,05/28/2024 10:38:50,20.58,52.36,10.50,,,
1118,05/28/2024 10:39:50,20.51,52.63,10.52,,,
1119,05/28/2024 10:40:50,20.46,52.74,10.50,,,
1120,05/28/2024 10:41:50,20.40,52.87,10.48,,,
1121,05/28/2024 10:42:50,20.39,52.97,10.50,,,
1122,05/28/2024 10:43:50,20.31,53.16,10.48,,,
1123,05/28/2024 10:44:50,20.25,53.16,10.42,,,
1124,05/28/2024 10:45:50,20.18,53.38,10.42,,,
1125,05/28/2024 10:46:50,20.17,53.80,10.53,,,
1126,05/28/2024 10:47:50,20.11,54.00,10.53,,,
1127,05/28/2024 10:48:50,20.10,54.01,10.52,,,
1128,05/28/2024 10:49:50,20.15,53.94,10.55,,,
1129,05/28/2024 10:50:50,20.15,53.93,10.55,,,
1130,05/28/2024 10:51:50,20.21,53.96,10.62,,,
1131,05/28/2024 10:52:50,20.31,53.80,10.66,,,
1132,05/28/2024 10:53:50,20.36,53.68,10.68,,,
1133,05/28/2024 10:54:50,20.48,53.64,10.77,,,
1134,05/28/2024 10:55:50,20.55,53.61,10.83,,,
1135,05/28/2024 10:56:50,20.63,53.70,10.93,,,
1136,05/28/2024 10:57:50,20.73,53.58,10.99,,,
1137,05/28/2024 10:58:50,20.83,53.22,10.97,,,
1138,05/28/2024 10:59:50,20.92,53.17,11.05,,,
1139,05/28/2024 11:00:50,21.06,53.06,11.15,,,
1140,05/28/2024 11:01:50,21.16,52.28,11.01,,,
1141,05/28/2024 11:02:50,21.27,52.17,11.08,,,
1142,05/28/2024 11:03:50,21.36,52.03,11.13,,,
1143,05/28/2024 11:04:50,21.46,51.91,11.18,,,
1144,05/28/2024 11:05:50,21.55,52.24,11.37,,,
1145,05/28/2024 11:06:50,21.68,52.22,11.48,,,
1146,05/28/2024 11:07:50,21.80,52.20,11.58,,,
1147,05/28/2024 11:08:50,21.91,52.65,11.82,,,
1148,05/28/2024 11:09:50,21.98,52.95,11.97,,,
1149,05/28/2024 11:10:50,22.10,52.25,11.88,,,
1150,05/28/2024 11:11:50,22.18,52.70,12.08,,,
1151,05/28/2024 11:12:50,22.31,52.59,12.16,,,
1152,05/28/2024 11:13:50,22.40,52.63,12.26,,,
1153,05/28/2024 11:14:50,22.50,52.27,12.25,,,
1154,05/28/2024 11:15:50,22.57,51.98,12.24,,,
1155,05/28/2024 11:16:50,22.69,51.65,12.25,,,
1156,05/28/2024 11:17:50,22.80,51.41,12.28,,,
1157,05/28/2024 11:18:50,22.88,50.94,12.21,,,
1158,05/28/2024 11:19:50,23.00,50.63,12.23,,,
1159,05/28/2024 11:20:50,23.08,50.37,12.22,,,
1160,05/28/2024 11:21:50,23.17,49.87,12.16,,,
1161,05/28/2024 11:22:50,23.26,49.62,12.16,,,
1162,05/28/2024 11:23:50,23.32,49.42,12.16,,,
1163,05/28/2024 11:24:50,23.41,49.17,12.16,,,
1164,05/28/2024 11:25:50,23.50,48.96,12.17,,,
1165,05/28/2024 11:26:50,23.57,48.75,12.17,,,
1166,05/28/2024 11:27:50,23.62,48.48,12.14,,,
1167,05/28/2024 11:28:50,23.70,48.49,12.21,,,
1168,05/28/2024 11:29:50,23.81,48.33,12.26,,,
1169,05/28/2024 11:30:50,23.82,48.23,12.24,,,
1170,05/28/2024 11:31:50,23.89,48.12,12.27,,,
1171,05/28/2024 11:32:50,23.94,47.94,12.25,,,
1172,05/28/2024 11:33:50,23.99,47.87,12.28,,,
1173,05/28/2024 11:34:50,24.03,47.76,12.29,,,
1174,05/28/2024 11:35:50,24.04,47.63,12.25,,,
1175,05/28/2024 11:36:50,24.13,47.54,12.30,,,
1176,05/28/2024 11:37:50,24.14,47.48,12.29,,,
1177,05/28/2024 11:38:50,24.16,47.51,12.32,,,
1178,05/28/2024 11:39:50,24.21,47.44,12.35,,,
1179,05/28/2024 11:40:50,24.24,47.41,12.36,,,
1180,05/28/2024 11:41:50,24.28,47.37,12.39,,,
1181,05/28/2024 11:42:50,24.24,47.28,12.32,,,
1182,05/28/2024 11:43:50,24.25,47.18,12.30,,,
1183,05/28/2024 11:44:50,24.20,47.24,12.28,,,
1184,05/28/2024 11:45:50,24.13,47.45,12.27,,,
1185,05/28/2024 11:46:50,24.08,47.58,12.27,,,
1186,05/28/2024 11:47:50,23.98,47.71,12.22,,,
1187,05/28/2024 11:48:50,23.90,47.86,12.20,,,
1188,05/28/2024 11:49:50,23.83,48.32,12.28,,,
1189,05/28/2024 11:50:50,23.71,48.24,12.14,,,
1190,05/28/2024 11:51:50,23.65,48.52,12.17,,,
1191,05/28/2024 11:52:50,23.54,48.83,12.17,,,
1192,05/28/2024 11:53:50,23.50,49.16,12.23,,,
1193,05/28/2024 11:54:50,23.40,49.32,12.20,,,
1194,05/28/2024 11:55:50,23.35,49.70,12.26,,,
1195,05/28/2024 11:56:50,23.25,49.97,12.26,,,
1196,05/28/2024 11:57:50,23.21,50.40,12.35,,,
1197,05/28/2024 11:58:50,23.09,50.73,12.34,,,
1198,05/28/2024 11:59:50,23.02,51.01,12.36,,,
1199,05/28/2024 12:00:50,22.99,51.33,12.43,,,
1200,05/28/2024 12:01:50,22.90,51.41,12.36,,,
1201,05/28/2024 12:02:50,22.83,51.80,12.42,,,
1202,05/28/2024 12:03:50,22.77,51.89,12.39,,,
1203,05/28/2024 12:04:50,22.65,51.97,12.30,,,
1204,05/28/2024 12:05:50,22.60,52.22,12.32,,,
1205,05/28/2024 12:06:50,22.52,52.37,12.30,,,
1206,05/28/2024 12:07:50,22.48,52.37,12.26,,,
1207,05/28/2024 12:08:50,22.37,52.66,12.24,,,
1208,05/28/2024 12:09:50,22.31,52.70,12.20,,,
1209,05/28/2024 12:10:50,22.26,52.75,12.17,,,
1210,05/28/2024 12:11:50,22.18,53.16,12.21,,,
1211,05/28/2024 12:12:50,22.08,53.19,12.13,,,
1212,05/28/2024 12:13:50,22.04,53.26,12.11,,,
1213,05/28/2024 12:14:50,21.98,53.38,12.09,,,
1214,05/28/2024 12:15:50,21.90,53.41,12.02,,,
1215,05/28/2024 12:16:50,21.87,53.69,12.07,,,
1216,05/28/2024 12:17:50,21.82,53.89,12.09,,,
1217,05/28/2024 12:18:50,21.77,53.87,12.03,,,
1218,05/28/2024 12:19:50,21.70,54.03,12.02,,,
1219,05/28/2024 12:20:50,21.65,54.07,11.98,,,
1220,05/28/2024 12:21:50,21.61,54.28,12.00,,,
1221,05/28/2024 12:22:50,21.54,54.52,12.01,,,
1222,05/28/2024 12:23:50,21.48,54.69,11.99,,,
1223,05/28/2024 12:24:50,21.43,54.63,11.93,,,
1224,05/28/2024 12:25:50,21.40,54.71,11.93,,,
1225,05/28/2024 12:26:50,21.37,54.73,11.91,,,
1226,05/28/2024 12:27:50,21.32,54.83,11.88,,,
1227,05/28/2024 12:28:50,21.28,55.00,11.89,,,
1228,05/28/2024 12:29:50,21.23,55.06,11.87,,,
1229,05/28/2024 12:30:50,21.19,55.13,11.85,,,
1230,05/28/2024 12:31:50,21.14,55.10,11.79,,,
1231,05/28/2024 12:32:50,21.09,55.14,11.76,,,
1232,05/28/2024 12:33:50,21.06,55.34,11.78,,,
1233,05/28/2024 12:34:50,21.03,55.46,11.79,,,
1234,05/28/2024 12:35:50,20.99,55.44,11.74,,,
1235,05/28/2024 12:36:50,20.99,55.52,11.76,,,
1236,05/28/2024 12:37:50,20.90,55.69,11.73,,,
1237,05/28/2024 12:38:50,20.89,55.98,11.80,,,
1238,05/28/2024 12:39:50,20.87,55.89,11.75,,,
1239,05/28/2024 12:40:50,20.80,56.05,11.74,,,
1240,05/28/2024 12:41:50,20.79,56.31,11.80,,,
1241,05/28/2024 12:42:50,20.77,56.30,11.78,,,
1242,05/28/2024 12:43:50,20.74,56.43,11.78,,,
1243,05/28/2024 12:44:50,20.75,56.96,11.93,,,
1244,05/28/2024 12:45:50,20.77,56.76,11.90,,,
1245,05/28/2024 12:46:50,20.80,56.92,11.97,,,
1246,05/28/2024 12:47:50,20.85,56.94,12.02,,,
1247,05/28/2024 12:48:50,20.89,56.71,11.99,,,
1248,05/28/2024 12:49:50,20.95,56.65,12.04,,,
1249,05/28/2024 12:50:50,21.01,56.59,12.07,,,
1250,05/28/2024 12:51:50,21.08,56.23,12.05,,,
1251,05/28/2024 12:52:50,21.15,56.18,12.09,,,
1252,05/28/2024 12:53:50,21.20,56.35,12.19,,,
1253,05/28/2024 12:54:50,21.28,56.04,12.18,,,
1254,05/28/2024 12:55:50,21.32,55.93,12.18,,,
1255,05/28/2024 12:56:50,21.42,55.83,12.25,,,
1256,05/28/2024 12:57:50,21.48,55.70,12.27,,,
1257,05/28/2024 12:58:50,21.57,55.54,12.31,,,
1258,05/28/2024 12:59:50,21.64,55.58,12.39,,,
1259,05/28/2024 13:00:50,21.68,55.15,12.31,,,
1260,05/28/2024 13:01:50,21.80,54.87,12.34,,,
1261,05/28/2024 13:02:50,21.87,54.62,12.33,,,
1262,05/28/2024 13:03:50,21.97,54.46,12.39,,,
1263,05/28/2024 13:04:50,22.03,54.26,12.38,,,
1264,05/28/2024 13:05:50,22.10,54.24,12.45,,,
1265,05/28/2024 13:06:50,22.18,53.93,12.43,,,
1266,05/28/2024 13:07:50,22.25,53.71,12.44,,,
1267,05/28/2024 13:08:50,22.34,53.64,12.50,,,
1268,05/28/2024 13:09:50,22.41,53.26,12.46,,,
1269,05/28/2024 13:10:50,22.51,53.28,12.55,,,
1270,05/28/2024 13:11:50,22.58,53.05,12.56,,,
1271,05/28/2024 13:12:50,22.67,52.73,12.54,,,
1272,05/28/2024 13:13:50,22.75,52.59,12.57,,,
1273,05/28/2024 13:14:50,22.80,52.25,12.52,,,
1274,05/28/2024 13:15:50,22.91,52.21,12.61,,,
1275,05/28/2024 13:16:50,22.98,52.05,12.63,,,
1276,05/28/2024 13:17:50,23.07,51.75,12.62,,,
1277,05/28/2024 13:18:50,23.11,51.74,12.66,,,
1278,05/28/2024 13:19:50,23.18,51.52,12.66,,,
1279,05/28/2024 13:20:50,23.26,51.24,12.65,,,
1280,05/28/2024 13:21:50,23.30,51.03,12.62,,,
1281,05/28/2024 13:22:21,,,,Logged,,
1282,05/28/2024 13:22:36,,,,,Logged,
1283,05/28/2024 13:22:50,23.38,51.26,12.77,,,
1284,05/28/2024 13:23:50,23.50,50.61,12.68,,,
1285,05/28/2024 13:24:50,23.55,50.40,12.66,,,
1286,05/28/2024 13:25:50,23.66,49.93,12.62,,,
1287,05/28/2024 13:26:50,23.71,49.79,12.63,,,
1288,05/28/2024 13:27:50,23.73,49.59,12.58,,,
1289,05/28/2024 13:28:50,23.75,49.37,12.54,,,
1290,05/28/2024 13:29:50,23.72,49.29,12.48,,,
1291,05/28/2024 13:30:50,23.68,49.36,12.46,,,
1292,05/28/2024 13:31:50,23.62,49.37,12.42,,,
1293,05/28/2024 13:32:50,23.56,49.48,12.39,,,
1294,05/28/2024 13:33:50,23.51,49.50,12.35,,,
1295,05/28/2024 13:34:50,23.43,49.58,12.30,,,
1296,05/28/2024 13:35:50,23.35,49.75,12.28,,,
1297,05/28/2024 13:36:50,23.26,49.88,12.24,,,
1298,05/28/2024 13:37:50,23.16,49.99,12.18,,,
1299,05/28/2024 13:38:50,23.12,50.13,12.19,,,
1300,05/28/2024 13:39:50,23.02,50.27,12.14,,,
1301,05/28/2024 13:40:50,22.96,50.44,12.13,,,
1302,05/28/2024 13:41:50,22.87,50.55,12.09,,,
1303,05/28/2024 13:42:50,22.79,50.74,12.07,,,
1304,05/28/2024 13:43:50,22.68,51.00,12.04,,,
1305,05/28/2024 13:44:50,22.56,51.20,11.99,,,
1306,05/28/2024 13:45:50,22.46,51.41,11.96,,,
1307,05/28/2024 13:46:50,22.33,51.63,11.90,,,
1308,05/28/2024 13:47:50,22.25,51.84,11.90,,,
1309,05/28/2024 13:48:50,22.17,52.06,11.88,,,
1310,05/28/2024 13:49:50,22.08,52.19,11.84,,,
1311,05/28/2024 13:50:50,22.01,52.34,11.81,,,
1312,05/28/2024 13:51:50,21.94,52.48,11.80,,,
1313,05/28/2024 13:52:50,21.87,52.75,11.80,,,
1314,05/28/2024 13:53:50,21.76,52.88,11.74,,,
1315,05/28/2024 13:54:50,21.66,53.03,11.70,,,
1316,05/28/2024 13:55:50,21.61,53.12,11.67,,,
1317,05/28/2024 13:56:50,21.50,53.29,11.62,,,
1318,05/28/2024 13:57:50,21.44,53.40,11.59,,,
1319,05/28/2024 13:58:50,21.35,53.51,11.54,,,
1320,05/28/2024 13:59:50,21.32,53.68,11.56,,,
1321,05/28/2024 14:00:50,21.23,53.82,11.52,,,
1322,05/28/2024 14:01:50,21.18,53.87,11.49,,,
1323,05/28/2024 14:02:50,21.08,54.06,11.45,,,
1324,05/28/2024 14:03:50,21.06,54.20,11.47,,,
1325,05/28/2024 14:04:50,20.94,54.35,11.40,,,
1326,05/28/2024 14:05:50,20.93,54.40,11.40,,,
1327,05/28/2024 14:06:50,20.86,54.52,11.37,,,
1328,05/28/2024 14:07:50,20.81,54.63,11.36,,,
1329,05/28/2024 14:08:50,20.73,54.68,11.29,,,
1330,05/28/2024 14:09:50,20.70,54.91,11.33,,,
1331,05/28/2024 14:10:50,20.65,55.05,11.33,,,
1332,05/28/2024 14:11:50,20.59,55.28,11.33,,,
1333,05/28/2024 14:12:50,20.57,55.44,11.35,,,
1334,05/28/2024 14:13:50,20.49,55.56,11.31,,,
1335,05/28/2024 14:14:50,20.48,55.73,11.35,,,
1336,05/28/2024 14:15:50,20.40,55.85,11.30,,,
1337,05/28/2024 14:16:50,20.34,56.09,11.32,,,
1338,05/28/2024 14:17:50,20.32,56.26,11.34,,,
1339,05/28/2024 14:18:50,20.29,56.39,11.35,,,
1340,05/28/2024 14:19:50,20.29,56.42,11.36,,,
1341,05/28/2024 14:20:50,20.31,56.51,11.40,,,
1342,05/28/2024 14:21:50,20.31,56.52,11.40,,,
1343,05/28/2024 14:22:50,20.36,56.44,11.43,,,
1344,05/28/2024 14:23:50,20.37,56.20,11.38,,,
1345,05/28/2024 14:24:50,20.44,56.10,11.41,,,
1346,05/28/2024 14:25:50,20.51,55.92,11.43,,,
1347,05/28/2024 14:26:50,20.61,55.68,11.46,,,
1348,05/28/2024 14:27:50,20.68,55.50,11.47,,,
1349,05/28/2024 14:28:50,20.75,55.33,11.49,,,
1350,05/28/2024 14:29:50,20.84,55.19,11.53,,,
1351,05/28/2024 14:30:50,20.90,55.04,11.55,,,
1352,05/28/2024 14:31:50,20.98,54.90,11.58,,,
1353,05/28/2024 14:32:50,21.04,54.71,11.59,,,
1354,05/28/2024 14:33:50,21.10,54.57,11.61,,,
1355,05/28/2024 14:34:50,21.21,54.47,11.68,,,
1356,05/28/2024 14:35:50,21.24,54.33,11.67,,,
1357,05/28/2024 14:36:50,21.34,54.09,11.70,,,
1358,05/28/2024 14:37:50,21.40,53.90,11.70,,,
1359,05/28/2024 14:38:50,21.45,53.77,11.71,,,
1360,05/28/2024 14:39:50,21.51,53.69,11.74,,,
1361,05/28/2024 14:40:50,21.55,53.68,11.78,,,
1362,05/28/2024 14:41:50,21.62,53.57,11.81,,,
1363,05/28/2024 14:42:50,21.66,53.36,11.79,,,
1364,05/28/2024 14:43:50,21.76,53.31,11.86,,,
1365,05/28/2024 14:44:50,21.79,53.05,11.82,,,
1366,05/28/2024 14:45:50,21.83,52.91,11.82,,,
1367,05/28/2024 14:46:50,21.90,52.97,11.90,,,
1368,05/28/2024 14:47:50,21.97,52.76,11.91,,,
1369,05/28/2024 14:48:50,22.06,52.49,11.91,,,
1370,05/28/2024 14:49:50,22.11,52.28,11.90,,,
1371,05/28/2024 14:50:50,22.21,52.06,11.92,,,
1372,05/28/2024 14:51:50,22.25,51.90,11.91,,,
1373,05/28/2024 14:52:50,22.31,51.87,11.96,,,
1374,05/28/2024 14:53:50,22.38,51.84,12.01,,,
1375,05/28/2024 14:54:50,22.46,51.78,12.07,,,
1376,05/28/2024 14:55:50,22.52,51.61,12.08,,,
1377,05/28/2024 14:56:50,22.55,51.54,12.09,,,
1378,05/28/2024 14:57:50,22.57,51.25,12.02,,,
1379,05/28/2024 14:58:50,22.64,51.15,12.05,,,
1380,05/28/2024 14:59:50,22.67,51.12,12.07,,,
1381,05/28/2024 15:00:50,22.77,51.36,12.23,,,
1382,05/28/2024 15:01:50,22.82,50.80,12.11,,,
1383,05/28/2024 15:02:50,22.86,50.82,12.16,,,
1384,05/28/2024 15:03:50,22.94,50.60,12.16,,,
1385,05/28/2024 15:04:50,23.01,50.52,12.21,,,
1386,05/28/2024 15:05:50,23.07,50.20,12.16,,,
1387,05/28/2024 15:06:50,23.15,49.80,12.12,,,
1388,05/28/2024 15:07:50,23.27,49.68,12.19,,,
1389,05/28/2024 15:08:50,23.38,49.40,12.20,,,
1390,05/28/2024 15:09:50,23.45,49.17,12.20,,,
1391,05/28/2024 15:10:50,23.53,48.92,12.19,,,
1392,05/28/2024 15:11:50,23.51,48.67,12.09,,,
1393,05/28/2024 15:12:50,23.56,48.57,12.11,,,
1394,05/28/2024 15:13:50,23.53,48.50,12.06,,,
1395,05/28/2024 15:14:50,23.53,48.46,12.04,,,
1396,05/28/2024 15:15:50,23.47,48.46,12.00,,,
1397,05/28/2024 15:16:50,23.41,48.44,11.93,,,
1398,05/28/2024 15:17:50,23.38,48.52,11.93,,,
1399,05/28/2024 15:18:50,23.30,48.62,11.89,,,
1400,05/28/2024 15:19:50,23.21,48.74,11.84,,,
1401,05/28/2024 15:20:50,23.14,48.86,11.82,,,
1402,05/28/2024 15:21:50,23.07,48.99,11.79,,,
1403,05/28/2024 15:22:50,22.99,49.14,11.77,,,
1404,05/28/2024 15:23:50,22.94,49.21,11.74,,,
1405,05/28/2024 15:24:50,22.84,49.39,11.71,,,
1406,05/28/2024 15:25:50,22.78,49.54,11.69,,,
1407,05/28/2024 15:26:50,22.68,49.63,11.63,,,
1408,05/28/2024 15:27:50,22.56,49.76,11.56,,,
1409,05/28/2024 15:28:50,22.46,49.95,11.52,,,
1410,05/28/2024 15:29:50,22.37,50.17,11.51,,,
1411,05/28/2024 15:30:50,22.29,50.35,11.49,,,
1412,05/28/2024 15:31:50,22.19,50.58,11.46,,,
1413,05/28/2024 15:32:50,22.09,50.73,11.42,,,
1414,05/28/2024 15:33:50,22.01,50.96,11.41,,,
1415,05/28/2024 15:34:50,21.91,51.14,11.37,,,
1416,05/28/2024 15:35:50,21.80,51.38,11.35,,,
1417,05/28/2024 15:36:50,21.72,51.60,11.33,,,
1418,05/28/2024 15:37:50,21.66,51.77,11.33,,,
1419,05/28/2024 15:38:50,21.58,52.01,11.32,,,
1420,05/28/2024 15:39:50,21.47,52.25,11.29,,,
1421,05/28/2024 15:40:50,21.39,52.53,11.30,,,
1422,05/28/2024 15:41:50,21.35,52.68,11.31,,,
1423,05/28/2024 15:42:50,21.27,52.93,11.30,,,
1424,05/28/2024 15:43:50,21.16,53.11,11.25,,,
1425,05/28/2024 15:44:50,21.09,53.29,11.24,,,
1426,05/28/2024 15:45:50,21.05,53.41,11.24,,,
1427,05/28/2024 15:46:50,21.02,53.51,11.24,,,
1428,05/28/2024 15:47:50,20.90,53.61,11.16,,,
1429,05/28/2024 15:48:50,20.84,53.77,11.14,,,
1430,05/28/2024 15:49:50,20.77,53.91,11.12,,,
1431,05/28/2024 15:50:50,20.70,54.00,11.07,,,
1432,05/28/2024 15:51:50,20.65,54.14,11.07,,,
1433,05/28/2024 15:52:50,20.61,54.28,11.07,,,
1434,05/28/2024 15:53:50,20.53,54.41,11.03,,,
1435,05/28/2024 15:54:50,20.48,54.58,11.04,,,
1436,05/28/2024 15:55:50,20.41,54.71,11.00,,,
1437,05/28/2024 15:56:50,20.39,54.86,11.03,,,
1438,05/28/2024 15:57:50,20.30,55.02,10.99,,,
1439,05/28/2024 15:58:50,20.28,55.13,11.00,,,
1440,05/28/2024 15:59:50,20.18,55.31,10.96,,,
1441,05/28/2024 16:00:50,20.13,55.41,10.93,,,
1442,05/28/2024 16:01:50,20.14,55.63,11.00,,,
1443,05/28/2024 16:02:50,20.10,55.73,10.99,,,
1444,05/28/2024 16:03:50,20.10,55.73,10.99,,,
1445,05/28/2024 16:04:50,20.14,55.77,11.04,,,
1446,05/28/2024 16:05:50,20.16,55.80,11.07,,,
1447,05/28/2024 16:06:50,20.21,55.69,11.09,,,
1448,05/28/2024 16:07:50,20.28,55.67,11.14,,,
1449,05/28/2024 16:08:50,20.39,55.57,11.22,,,
1450,05/28/2024 16:09:50,20.41,55.46,11.21,,,
1451,05/28/2024 16:10:50,20.49,55.30,11.24,,,
1452,05/28/2024 16:11:50,20.59,55.18,11.30,,,
1453,05/28/2024 16:12:50,20.63,55.05,11.31,,,
1454,05/28/2024 16:13:50,20.71,55.04,11.37,,,
1455,05/28/2024 16:14:50,20.81,54.88,11.43,,,
1456,05/28/2024 16:15:50,20.90,54.66,11.45,,,
1457,05/28/2024 16:16:50,20.98,54.42,11.45,,,
1458,05/28/2024 16:17:50,21.05,54.35,11.50,,,
1459,05/28/2024 16:18:50,21.11,54.22,11.52,,,
1460,05/28/2024 16:19:50,21.21,54.17,11.60,,,
1461,05/28/2024 16:20:50,21.30,54.02,11.64,,,
1462,05/28/2024 16:21:50,21.35,53.98,11.68,,,
1463,05/28/2024 16:22:50,21.42,53.79,11.68,,,
1464,05/28/2024 16:23:50,21.51,53.68,11.74,,,
1465,05/28/2024 16:24:50,21.61,53.51,11.78,,,
1466,05/28/2024 16:25:50,21.69,53.43,11.84,,,
1467,05/28/2024 16:26:50,21.73,53.06,11.76,,,
1468,05/28/2024 16:27:50,21.78,52.88,11.76,,,
1469,05/28/2024 16:28:50,21.85,52.71,11.78,,,
1470,05/28/2024 16:29:50,21.94,52.46,11.79,,,
1471,05/28/2024 16:30:50,22.05,52.37,11.86,,,
1472,05/28/2024 16:31:50,22.08,52.22,11.85,,,
1473,05/28/2024 16:32:50,22.19,52.11,11.92,,,
1474,05/28/2024 16:33:50,22.25,52.07,11.96,,,
1475,05/28/2024 16:34:50,22.35,51.83,11.98,,,
1476,05/28/2024 16:35:50,22.42,51.64,12.00,,,
1477,05/28/2024 16:36:50,22.44,51.56,11.99,,,
1478,05/28/2024 16:37:50,22.52,51.35,12.00,,,
1479,05/28/2024 16:38:50,22.65,51.15,12.06,,,
1480,05/28/2024 16:39:50,22.72,51.00,12.08,,,
1481,05/28/2024 16:40:50,22.76,50.64,12.01,,,
1482,05/28/2024 16:41:50,22.83,50.43,12.01,,,
1483,05/28/2024 16:42:50,22.90,50.13,11.98,,,
1484,05/28/2024 16:43:50,22.98,49.93,12.00,,,
1485,05/28/2024 16:44:50,23.14,49.67,12.07,,,
1486,05/28/2024 16:45:50,23.27,49.36,12.09,,,
1487,05/28/2024 16:46:50,23.35,49.04,12.06,,,
1488,05/28/2024 16:47:50,23.39,48.86,12.04,,,
1489,05/28/2024 16:48:50,23.43,48.62,12.01,,,
1490,05/28/2024 16:49:50,23.42,48.53,11.97,,,
1491,05/28/2024 16:50:50,23.44,48.43,11.96,,,
1492,05/28/2024 16:51:50,23.45,48.46,11.98,,,
1493,05/28/2024 16:52:50,23.39,48.46,11.92,,,
1494,05/28/2024 16:53:50,23.36,48.56,11.92,,,
1495,05/28/2024 16:54:50,23.27,48.59,11.85,,,
1496,05/28/2024 16:55:50,23.17,48.75,11.81,,,
1497,05/28/2024 16:56:50,23.13,48.90,11.82,,,
1498,05/28/2024 16:57:50,23.05,49.08,11.80,,,
1499,05/28/2024 16:58:50,22.96,49.28,11.78,,,
1500,05/28/2024 16:59:50,22.88,49.42,11.75,,,
1501,05/28/2024 17:00:50,22.79,49.62,11.73,,,
1502,05/28/2024 17:01:50,22.72,49.81,11.73,,,
1503,05/28/2024 17:02:50,22.63,50.01,11.70,,,
1504,05/28/2024 17:03:50,22.54,50.16,11.66,,,
1505,05/28/2024 17:04:50,22.48,50.35,11.66,,,
1506,05/28/2024 17:05:50,22.40,50.50,11.64,,,
1507,05/28/2024 17:06:50,22.29,50.64,11.58,,,
1508,05/28/2024 17:07:50,22.23,50.74,11.55,,,
1509,05/28/2024 17:08:50,22.14,50.94,11.53,,,
1510,05/28/2024 17:09:50,22.07,51.16,11.53,,,
1511,05/28/2024 17:10:50,21.97,51.36,11.50,,,
1512,05/28/2024 17:11:50,21.91,51.46,11.47,,,
1513,05/28/2024 17:12:50,21.87,51.67,11.49,,,
1514,05/28/2024 17:13:50,21.77,51.82,11.45,,,
1515,05/28/2024 17:14:50,21.72,51.98,11.44,,,
1516,05/28/2024 17:15:50,21.62,52.23,11.43,,,
1517,05/28/2024 17:16:50,21.51,52.34,11.36,,,
1518,05/28/2024 17:17:50,21.44,52.43,11.31,,,
1519,05/28/2024 17:18:50,21.38,52.58,11.31,,,
1520,05/28/2024 17:19:50,21.35,52.75,11.33,,,
1521,05/28/2024 17:20:50,21.34,52.69,11.30,,,
1522,05/28/2024 17:21:50,21.36,52.69,11.32,,,
1523,05/28/2024 17:22:50,21.43,52.58,11.35,,,
1524,05/28/2024 17:23:50,21.48,52.52,11.38,,,
1525,05/28/2024 17:24:50,21.54,52.52,11.44,,,
1526,05/28/2024 17:25:50,21.62,52.43,11.48,,,
1527,05/28/2024 17:26:50,21.68,52.37,11.53,,,
1528,05/28/2024 17:27:50,21.72,52.13,11.49,,,
1529,05/28/2024 17:28:50,21.80,51.93,11.51,,,
1530,05/28/2024 17:29:50,21.83,51.74,11.48,,,
1531,05/28/2024 17:30:50,21.91,51.64,11.52,,,
1532,05/28/2024 17:31:50,21.96,51.46,11.52,,,
1533,05/28/2024 17:32:50,22.01,51.30,11.51,,,
1534,05/28/2024 17:33:50,22.06,51.16,11.52,,,
1535,05/28/2024 17:34:50,22.12,50.93,11.51,,,
1536,05/28/2024 17:35:50,22.16,50.96,11.55,,,
1537,05/28/2024 17:36:50,22.23,50.70,11.54,,,
1538,05/28/2024 17:37:50,22.28,50.70,11.59,,,
1539,05/28/2024 17:38:50,22.38,50.44,11.60,,,
1540,05/28/2024 17:39:50,22.39,50.22,11.55,,,
1541,05/28/2024 17:40:50,22.47,50.05,11.56,,,
1542,05/28/2024 17:41:50,22.52,49.93,11.57,,,
1543,05/28/2024 17:42:50,22.58,49.65,11.55,,,
1544,05/28/2024 17:43:50,22.64,49.46,11.54,,,
1545,05/28/2024 17:44:50,22.65,49.17,11.46,,,
1546,05/28/2024 17:45:50,22.71,48.88,11.43,,,
1547,05/28/2024 17:46:50,22.84,48.68,11.49,,,
1548,05/28/2024 17:47:50,22.93,48.52,11.52,,,
1549,05/28/2024 17:48:50,23.02,48.32,11.54,,,
1550,05/28/2024 17:49:50,23.09,48.17,11.55,,,
1551,05/28/2024 17:50:50,23.14,47.93,11.53,,,
1552,05/28/2024 17:51:50,23.16,47.82,11.51,,,
1553,05/28/2024 17:52:50,23.18,47.79,11.52,,,
1554,05/28/2024 17:53:50,23.17,47.75,11.50,,,
1555,05/28/2024 17:54:50,23.15,47.53,11.41,,,
1556,05/28/2024 17:55:50,23.11,47.54,11.37,,,
1557,05/28/2024 17:56:50,23.07,47.49,11.32,,,
1558,05/28/2024 17:57:50,22.95,47.55,11.23,,,
1559,05/28/2024 17:58:50,22.88,47.65,11.20,,,
1560,05/28/2024 17:59:50,22.83,47.75,11.18,,,
1561,05/28/2024 18:00:50,22.70,47.83,11.09,,,
1562,05/28/2024 18:01:50,22.64,48.01,11.09,,,
1563,05/28/2024 18:02:50,22.55,48.28,11.10,,,
1564,05/28/2024 18:03:50,22.46,48.54,11.09,,,
1565,05/28/2024 18:04:50,22.36,48.72,11.06,,,
1566,05/28/2024 18:05:50,22.32,48.94,11.09,,,
1567,05/28/2024 18:06:50,22.23,49.16,11.07,,,
1568,05/28/2024 18:07:50,22.22,49.33,11.12,,,
1569,05/28/2024 18:08:50,22.11,49.44,11.05,,,
1570,05/28/2024 18:09:50,22.07,49.58,11.06,,,
1571,05/28/2024 18:10:50,21.96,49.66,10.98,,,
1572,05/28/2024 18:11:50,21.93,49.85,11.01,,,
1573,05/28/2024 18:12:50,21.88,49.93,10.98,,,
1574,05/28/2024 18:13:50,21.80,50.14,10.98,,,
1575,05/28/2024 18:14:50,21.76,50.23,10.96,,,
1576,05/28/2024 18:15:50,21.73,50.42,10.99,,,
1577,05/28/2024 18:16:50,21.72,50.45,10.99,,,
1578,05/28/2024 18:17:50,21.72,50.41,10.98,,,
1579,05/28/2024 18:18:50,21.72,50.34,10.96,,,
1580,05/28/2024 18:19:50,21.78,50.33,11.01,,,
1581,05/28/2024 18:20:50,21.80,50.36,11.04,,,
1582,05/28/2024 18:21:50,21.87,50.31,11.09,,,
1583,05/28/2024 18:22:50,21.93,50.22,11.12,,,
1584,05/28/2024 18:23:50,22.01,50.14,11.17,,,
1585,05/28/2024 18:24:50,22.06,50.03,11.18,,,
1586,05/28/2024 18:25:50,22.12,49.82,11.18,,,
1587,05/28/2024 18:26:50,22.18,49.76,11.21,,,
1588,05/28/2024 18:27:50,22.24,49.67,11.24,,,
1589,05/28/2024 18:28:50,22.28,49.41,11.20,,,
1590,05/28/2024 18:29:50,22.40,49.21,11.25,,,
1591,05/28/2024 18:30:50,22.42,49.05,11.22,,,
1592,05/28/2024 18:31:50,22.51,48.86,11.24,,,
1593,05/28/2024 18:32:50,22.60,48.64,11.25,,,
1594,05/28/2024 18:33:50,22.67,48.52,11.28,,,
1595,05/28/2024 18:34:50,22.72,48.17,11.22,,,
1596,05/28/2024 18:35:50,22.80,47.91,11.21,,,
1597,05/28/2024 18:36:50,22.90,47.68,11.22,,,
1598,05/28/2024 18:37:50,22.97,47.43,11.21,,,
1599,05/28/2024 18:38:50,23.06,47.21,11.22,,,
1600,05/28/2024 18:39:50,23.08,47.06,11.19,,,
1601,05/28/2024 18:40:50,23.14,46.93,11.21,,,
1602,05/28/2024 18:41:50,23.14,46.85,11.18,,,
1603,05/28/2024 18:42:50,23.12,46.85,11.16,,,
1604,05/28/2024 18:43:50,23.17,46.79,11.19,,,
1605,05/28/2024 18:44:50,23.12,46.84,11.16,,,
1606,05/28/2024 18:45:50,23.08,46.82,11.11,,,
1607,05/28/2024 18:46:50,23.08,46.80,11.11,,,
1608,05/28/2024 18:47:50,23.05,46.81,11.08,,,
1609,05/28/2024 18:48:50,22.93,46.91,11.01,,,
1610,05/28/2024 18:49:50,22.86,47.07,11.00,,,
1611,05/28/2024 18:50:50,22.78,47.21,10.97,,,
1612,05/28/2024 18:51:50,22.68,47.34,10.92,,,
1613,05/28/2024 18:52:50,22.63,47.49,10.92,,,
1614,05/28/2024 18:53:50,22.49,47.63,10.83,,,
1615,05/28/2024 18:54:50,22.44,47.82,10.85,,,
1616,05/28/2024 18:55:50,22.34,47.98,10.80,,,
1617,05/28/2024 18:56:50,22.27,48.08,10.78,,,
1618,05/28/2024 18:57:50,22.20,48.24,10.76,,,
1619,05/28/2024 18:58:50,22.11,48.35,10.71,,,
1620,05/28/2024 18:59:50,21.98,48.51,10.65,,,
1621,05/28/2024 19:00:50,21.93,48.56,10.61,,,
1622,05/28/2024 19:01:50,21.84,48.70,10.58,,,
1623,05/28/2024 19:02:50,21.74,48.74,10.49,,,
1624,05/28/2024 19:03:50,21.66,48.90,10.47,,,
1625,05/28/2024 19:04:50,21.57,49.04,10.43,,,
1626,05/28/2024 19:05:50,21.49,49.12,10.38,,,
1627,05/28/2024 19:06:50,21.44,49.25,10.37,,,
1628,05/28/2024 19:07:50,21.32,49.40,10.31,,,
1629,05/28/2024 19:08:50,21.27,49.58,10.32,,,
1630,05/28/2024 19:09:50,21.15,49.71,10.25,,,
1631,05/28/2024 19:10:50,21.10,49.80,10.24,,,
1632,05/28/2024 19:11:50,21.06,49.87,10.22,,,
1633,05/28/2024 19:12:50,21.05,49.98,10.24,,,
1634,05/28/2024 19:13:50,21.08,50.05,10.29,,,
1635,05/28/2024 19:14:50,21.10,49.96,10.28,,,
1636,05/28/2024 19:15:50,21.09,49.87,10.25,,,
1637,05/28/2024 19:16:50,21.16,49.82,10.29,,,
1638,05/28/2024 19:17:50,21.17,49.70,10.26,,,
1639,05/28/2024 19:18:50,21.23,49.56,10.28,,,
1640,05/28/2024 19:19:50,21.30,49.44,10.30,,,
1641,05/28/2024 19:20:50,21.36,49.23,10.30,,,
1642,05/28/2024 19:21:50,21.45,49.23,10.38,,,
1643,05/28/2024 19:22:50,21.51,49.11,10.40,,,
1644,05/28/2024 19:23:50,21.60,48.86,10.40,,,
1645,05/28/2024 19:24:50,21.63,48.67,10.37,,,
1646,05/28/2024 19:25:50,21.75,48.52,10.43,,,
1647,05/28/2024 19:26:50,21.80,48.38,10.44,,,
1648,05/28/2024 19:27:50,21.88,48.19,10.45,,,
1649,05/28/2024 19:28:50,21.95,48.03,10.47,,,
1650,05/28/2024 19:29:50,21.99,47.83,10.45,,,
1651,05/28/2024 19:30:50,22.11,47.69,10.51,,,
1652,05/28/2024 19:31:50,22.16,47.44,10.47,,,
1653,05/28/2024 19:32:50,22.25,47.12,10.46,,,
1654,05/28/2024 19:33:50,22.34,46.99,10.49,,,
1655,05/28/2024 19:34:50,22.38,46.73,10.45,,,
1656,05/28/2024 19:35:50,22.44,46.59,10.46,,,
1657,05/28/2024 19:36:50,22.52,46.31,10.44,,,
1658,05/28/2024 19:37:50,22.60,46.11,10.44,,,
1659,05/28/2024 19:38:50,22.66,45.83,10.41,,,
1660,05/28/2024 19:39:50,22.77,45.57,10.42,,,
1661,05/28/2024 19:40:50,22.80,45.42,10.40,,,
1662,05/28/2024 19:41:50,22.94,45.24,10.47,,,
1663,05/28/2024 19:42:50,22.99,45.12,10.48,,,
1664,05/28/2024 19:43:50,23.08,44.95,10.50,,,
1665,05/28/2024 19:44:07,,,,Logged,,
1666,05/28/2024 19:44:12,,,,Logged,,
1667,05/28/2024 19:44:30,,,,,Logged,Logged
